,OrderID,CustomerID,ProductName,Brand,Raw_Weight,Country,OrderDate,UnitPrice,Weight_Numeric
0,REC-861088,6120,Perly,Perly,100 g,"Morocco,United States",2024-02-22,13.18,100.0
1,REC-900952,12550,Prince Goût Chocolat,LU,300 g,"Algeria,Belgium,France,French Polynesia,Germany,Guadeloupe,Hungary,Luxembourg,Martinique,Morocco,New Caledonia,Réunion,Spain,Switzerland,United States",2024-11-13,1.5,300.0
2,REC-595965,6705,Excellence Noir Prodigieux 90% Cacao,"Lindt EXCELLENCE,Lindt",100g,"Argelia,Austria,Bélgica,Bulgaria,Canadá,República Checa,Finlandia,Francia,Polinesia Francesa,Alemania,Irlanda,Italia,Mauricio,Marruecos,Países Bajos,Noruega,Reunión,Rumania,Singapur,España,Suecia,Suiza,Túnez,Reino Unido",2025-02-02,12.99,100.0
3,REC-942653,8645,Tonik,عربي,22 g,Maroc,2024-12-11,14.82,22.0
4,REC-885998,14430,Sésame,Gerblé,230g,"Belgium, Bulgaria, France, en:switzerland",2025-08-21,18.4,230.0
5,REC-674324,6760,Шоколад 85% какаова маса,J. D. Gross,125g,"Austria,Belgium,Bulgaria,Estonia,Finland,France,Germany,Italy,Lithuania,Slovakia,Slovenia,Spain,United Kingdom",2024-09-08,19.16,125.0
6,REC-867660,8420,CRISTALINE Eau De Source 0.5L,Cristaline,500 ml,"Belgium,Côte d'Ivoire,France,Germany,Luxembourg,Mali,Martinique,Russia,Switzerland,United Kingdom",2024-10-10,3.64,500.0
7,REC-448132,9144,Henry’s,Henry's,42g,Maroc,2024-12-30,17.59,42.0
8,REC-202400,10397,Milk chocolate bar,Unknown,150 g,"Algeria,Cameroon,France,Morocco,Spain",2024-08-04,11.08,150.0
9,REC-386572,13888,Organic 70% Dark Chocolate Bar,Green & Black's,90g,"France,Irlande,Suède,Royaume-Uni",2025-10-15,12.14,90.0
10,REC-394893,8397,KING COOKIES,Excelo,,Morocco,2025-05-25,19.74,
11,REC-965916,6325,Sable coco Henry s 42g,Unknown,42g,Maroc,2024-07-02,2.64,42.0
12,REC-735024,8672,Biscuits croquants au coeur onctueux de Nutella®,"nutella,Ferrero",304 g,"Francia,Alemania,Italia,Marruecos,Portugal,Rumania,España,Suiza",2024-12-11,10.57,304.0
13,REC-866242,13720,Tartine croustillante Authentique,wasa,275 g,"France, Italy, Spain, Switzerland, en:reunion",2024-12-16,6.25,275.0
14,REC-167785,6250,Excellence Noir Intense 70% Cacao,Lindt,100 g,"Algérie,Belgique,République tchèque,France,Allemagne,Guadeloupe,Italie,Maroc,La Réunion,Espagne,Suisse",2024-10-26,1.25,100.0
15,REC-625106,12696,Lightly sea salted crisps,Tyrrell's,150g,"France,Germany,Spain,United Kingdom",2024-09-16,1.84,150.0
16,REC-399127,6000,Dark chocolate,Green and black,90g,"Belgium, France, United Kingdom, en:ireland",2025-09-11,19.17,90.0
17,REC-506660,10724,Excellence Noir Puissant 85% Cacao,Lindt,100g,"Autriche,Belgique,France,Allemagne,Italie,Maroc,Pays-Bas,La Réunion,Espagne,Suisse",2024-12-09,14.0,100.0
18,REC-323330,14542,Fourrés Chocolat Noir,Bjorg,225 g,"France,Luxembourg,Switzerland",2024-08-12,22.91,225.0
19,REC-726018,6965,Extra dark 74% Cocoa,fin CARRÉ,100 gram,"Belgium,Bulgaria,Czech Republic,Finland,Germany,Netherlands,Poland,Spain",2025-05-26,23.07,100.0
20,REC-799477,13302,FIBRES,Wasa,230 g,"Belgique,France,Guadeloupe,Italie,La Réunion,Espagne,Suisse",2025-03-19,6.57,230.0
21,REC-169584,14120,Henry’s,Henry’s,85 g,Maroc,2024-07-02,4.31,85.0
22,REC-925173,6135,Momo black,Excelo,36 g,Maroc,2024-10-30,22.96,36.0
24,REC-739815,7944,EXTRA FINE DARK CHOCOLATE,"Lindt & Sprüngli,Lindt",100 g,"Australie,Belgique,Canada,République tchèque,Danemark,Estonie,France,Allemagne,Hongrie,Irlande,Italie,Liban,Maroc,Pays-Bas,Portugal,Serbie,Espagne,Suisse,Royaume-Uni",2024-03-13,12.4,100.0
25,REC-992581,8248,Eyoo cover,EXCELO,52,Morocco,2025-11-16,18.93,52.0
26,REC-392117,12134,Tartines craquantes au sarrasin imp,"Ekibio,Le pain des Fleurs",160 g,"Belgium,France,Luxembourg,Netherlands,Senegal,Switzerland",2025-12-09,9.41,160.0
27,REC-337268,14038,Pomme 🍏 🍎 Noisette🥜,Gerblé,230 g,"Belgium,France,French Polynesia,Germany,Guadeloupe,Martinique,Morocco,Réunion,Switzerland",2025-05-31,15.63,230.0
28,REC-974515,12699,Trios,Aperitivos company,20g,"Spain, Marruecos, en:morocco",2026-01-06,24.16,20.0
29,REC-953482,13960,Edelbitter 70% Cacao,J. D. Gross,125g,DE,2025-06-30,5.07,125.0
31,REC-212346,13782,Crunchy oats&honey,Nature Valley,42 g,"Bélgica,Francia,Alemania,Irlanda,Países Bajos,España,Suiza,Reino Unido,en:Bélgica",2024-05-25,4.18,42.0
32,REC-416664,6670,Figue & son,Gerblé,210 g,"Belgique,France,Polynésie française,Martinique,Maroc,La Réunion,Suisse",2024-11-22,17.46,210.0
33,REC-205333,10008,Bitter Extra Kraftig,"Lindt,Lindt&Sprüngli",50g,"Australia,Austria,Belgium,Bulgaria,France,Germany,Italy,Lebanon,Morocco,Romania,Spain,Switzerland,Thailand,United Kingdom",2024-11-27,2.2,50.0
35,REC-407282,13001,Petit beurre,Bé,,Morocco,2024-09-08,9.34,
36,REC-499346,14145,Pains au lait x10,Pasquier,350 g,"Belgique,France,Suisse,Royaume-Uni,États-Unis",2024-04-08,22.82,350.0
37,REC-668408,14519,Chocolat au lait,Milka,100 g,"Algeria,Austria,Bulgaria,France,Germany,Hungary,Italy,Morocco,Poland,Tunisia,United Kingdom",2024-11-01,6.24,100.0
38,REC-400480,14530,Brioche Tranchée Bio 400g,Unknown,400 g,France,2024-11-13,3.2,400.0
39,REC-936049,8846,King cookies choco,Excelo,,en:ma,2025-05-12,16.03,
40,REC-574329,11736,BIO Basmati Reis Vollkorn,"Pueblo Lindo, Nur Nur Natur",,"Austria, France, Germany, Italy, Switzerland, United Kingdom, United States, en:ireland",2024-05-26,7.62,
42,REC-955005,10000,Mix di frutta secca,Alesto,200 g,"France,Allemagne,Hongrie,Italie,Pays-Bas,Portugal,Suisse",2025-05-19,19.89,200.0
43,REC-538001,13364,Excellence Noir Subtil Doux 70% Cacao,"Lindt Excellence,Lindt",100 g,"Australia,Austria,Dinamarca,Francia,Alemania,Marruecos,Nueva Zelanda,España,Suiza",2024-07-21,20.27,100.0
44,REC-900195,13320,La gâche tranchée,Unknown,500 g,"France,Germany,Switzerland",2025-08-04,11.15,500.0
45,REC-570097,7969,Sour Cream & Onion,Pringles,165 g,"Algieria,Bułgaria,Chorwacja,Egipt,Węgry,Irak,Liban,Libia,Litwa,Maroko,Polska,Rumunia,Tunezja,Ukraina",2024-10-16,20.45,165.0
46,REC-180568,5233,Chocolat Noir 92% cacao,Dark Excellente,100 g,Morocco,2025-11-02,8.29,100.0
48,REC-326111,12644,Cracotte Céréales Complètes,"lu, LU",250,"Belgium, France, Luxembourg, Réunion, Switzerland, en:netherlands",2024-05-06,23.01,250.0
49,REC-574635,6128,Kinder Bueno,Kinder,,"Australia,Bélgica,Estonia,Francia,Grecia,Hungría,Irlanda,Italia,Letonia,Libia,Lituania,Marruecos,Nueva Zelanda,Polonia,Portugal,Rumania,España,Suiza,Reino Unido",2025-05-30,8.04,
50,REC-218223,7913,Dark Chocolate,Tesco finest,100g,United Kingdom,2025-07-05,24.8,100.0
51,REC-895633,6608,Chips,Kettle,,United Kingdom,2024-06-20,9.93,
52,REC-754969,6085,Pringles Sare,Pringles,165 g,"Armenia,Bielorrusia,Bélgica,Bosnia y Herzegovina,Bulgaria,Croacia,Francia,Hungría,Kuwait,Letonia,Líbano,Lituania,Marruecos,Polonia,Rumania,Rusia,Serbia,Suiza,Ucrania",2024-07-27,2.7,165.0
53,REC-528239,12090,wasa,"Barilla,Wasa",270 g,"France,Guadeloupe,Italy,Switzerland",2025-04-10,18.39,270.0
54,REC-540990,14397,Henry's Sable Coco Biscuit 85G,Henrys,85 g,Maroc,2025-08-06,12.49,85.0
55,REC-956271,13610,Cracotte,LU,7.35 gram,"België,Frankrijk,Luxemburg,Nederland,Zwitserland",2025-01-24,24.0,7.35
56,REC-440963,6157,Biscuit raisins,Unknown,270 g,"France,Suisse",2024-06-09,16.66,270.0
57,REC-116337,12524,Nutri+ avoine chocolat,Bjorg,130 g,France,2024-03-15,1.47,130.0
58,REC-653437,12486,Goût chocolat,BN,285 g,"Belgium,France,Morocco,Switzerland",2025-09-04,4.06,285.0
59,REC-786266,10600,digestives,McVitie's,360g,"France,Germany,Ireland,United Kingdom",2025-04-03,15.58,360.0
61,REC-981280,12427,Protein Cacahuetes🥜 & Chocolat🍫,Nature Valley,160 g (4x40 g),"Belgium,France",2026-02-01,3.37,160.0
62,REC-295140,11156,Tartines craquantes quinoa - pois chiche sans gluten,Jardin Bio,,France,2025-03-28,24.72,
63,REC-845441,11715,LIGHTLY SALTED LOW FAT CORN CAKES,kallo,,"France, United Kingdom",2025-11-15,11.73,
64,REC-649864,10711,Figolu,LUMondelez,192 g (12 x 16 g),"France,Guadeloupe",2025-03-11,2.41,192.0
65,REC-745146,9008,Krit krititas galletas saladas,"Cuétara, Krit",350g,"Israel,Marruecos,España,Portugal",2024-08-27,1.04,350.0
66,REC-595340,5792,Sour Cream & Onion,Pringles,,"France,Germany,Italy,Martinique,Mauritius,Portugal,Réunion,Thailand",2024-02-13,4.9,
67,REC-980028,11685,Crunchy avoine et miel,Nature ValleyGeneral Mills,"210 g, 5 barres doubles de 42 g",France,2025-04-29,8.94,210.0
70,REC-854220,9266,Toffifee,Süßigkeiten,125g,Germany,2024-09-28,13.2,125.0
71,REC-321774,13910,Crunchy Avoine & Chocolat Noir x 5 x 2 barres de 21 g,"General Mills,Nature Valley",210 g,France,2025-07-22,20.71,210.0
72,REC-770550,12930,Cookie🍪 cacao pépites Sans Sucre,Unknown,130 g,"Belgique,France,Polynésie française",2025-09-29,22.48,130.0
73,REC-570975,13801,Dark milk chocolate,Tesco,100g,en:united-kingdom,2025-12-27,24.54,100.0
74,REC-347253,13159,petit déjeuner miel et pépites de chocolat,belvita,435 g,"Belgium,Bulgaria,France,Germany,Morocco,Poland,Romania,Switzerland,United Kingdom",2025-03-15,7.58,435.0
75,REC-433923,8141,Biscuit soja orange,Gerblé,,"France,Guadeloupe,Martinique,Réunion",2024-12-17,5.38,
76,REC-374982,7072,Sablés Anglais L'Original,"McVitie's,United Biscuits",400 g,"France,Réunion,Switzerland,United Kingdom",2024-11-30,19.09,400.0
77,REC-833121,6028,Excellence Noir Corsé 78% Cacao,Lindt,100 g,"Australia,Czech Republic,France,Germany,Ireland,Italy,Netherlands,New Zealand,Spain,Switzerland",2025-04-28,23.01,100.0
78,REC-484365,9681,Картофельные чипсы со вкусом парики,"Pringles,Kellogg's",165g,"Bulgaria,Francia,Lituania,Marruecos,Países Bajos,Polonia,Rumania,España,Ucrania",2024-02-07,2.12,165.0
79,REC-204232,8249,Brioche moins de sucre,Harrys,485 g,France,2025-04-30,8.89,485.0
80,REC-942651,12158,Chocolat monogram,Macao,,en:ma,2025-07-25,3.33,
81,REC-818095,14040,Lentil and Pea Cakes with Beetroot and Balsamic Flavour Seasoning,kallo,122 g,United Kingdom,2025-02-09,7.77,122.0
82,REC-553814,14094,Pringles Original,"Kellogg's, Pringles",165g,"Belgium, France, Germany, Italy, Spain, United Kingdom, en:austria",2025-07-04,3.36,165.0
83,REC-996953,5970,Fourrés Chocolat au Lait,Bjorg,225 g,"France,Japon,Suisse",2024-07-18,11.61,225.0
84,REC-767742,12401,Pringles,Unknown,40g,"Bélgica,Francia,Alemania,Marruecos,Rumania,España,Suiza,Reino Unido",2024-02-25,22.67,40.0
87,REC-946193,10839,180G C OR NOIR NOISETTE,"Côte D’Or, Mondelez",180 g,"Algérie,France,Guadeloupe,Maroc,Tunisie",2025-02-17,9.67,180.0
89,REC-991303,7760,Barres de fruits secs & noix Myrtilles,nakd.,140 g,"Bélgica,República Checa,Francia,Países Bajos,España,Suiza",2024-09-05,3.46,140.0
90,REC-562005,6118,Tagger,Bimo,22g,en:Morocco,2024-08-08,3.95,22.0
91,REC-802740,13691,Goûter 4S Saveur pommes,Gerblé,360 g,"France,Luxembourg,Réunion,Switzerland",2024-03-11,10.68,360.0
92,REC-723751,14512,Wheat Biscuits,Tesco,n.48 - 912g,en:United Kingdom,2025-11-29,8.66,48.0
93,REC-379767,11844,Protein Cocoa Hazelnut Bars,"Nakd,Natural Balance Foods",135 g,"Bélgica,Francia,España,Reino Unido",2024-10-12,1.55,135.0
94,REC-994160,11794,Thé - Biscuits,Lu,350 g ℮,"France,New Caledonia,Réunion,Switzerland",2025-04-07,2.33,350.0
95,REC-607612,8211,Petites Madeleines,St Michel,500 g,"en:france, en:martinique, en:La Réunion, en:Switzerland",2025-06-25,7.44,500.0
96,REC-331169,9169,Goûter pépites de chocolat,Unknown,"3 sachets de 4 biscuits, 250g","Belgium,France,French Polynesia,Réunion,Switzerland",2025-09-28,1.01,3.0
97,REC-130025,8900,Sea salt & cider vinegar chips,Unknown,150 g,"France, Germany, Switzerland, United Kingdom, en:netherlands",2024-10-10,17.32,150.0
98,REC-219484,5608,Príncipe crema de chocolate,"LU,Mondelēz",300 g 15.5,"Francia,Marruecos,España",2025-03-21,14.49,300.0
99,REC-480927,14848,Kinder bueno White,Kinder,39 g,"Belgique,Bulgarie,France,Allemagne,Hongrie,Italie,Maroc,Pologne,Roumanie,Serbie,Espagne,Suisse,Thaïlande,Royaume-Uni",2025-09-21,19.57,39.0
100,REC-699692,14144,Sea Salt Lentil Chips,Proper Chips,,United Kingdom,2025-05-25,23.12,
101,REC-392540,6866,Napolitain l'Original,"LU, Mondelez, Mondelez International",180 g (6 x 30 g),France,2025-11-10,24.73,180.0
102,REC-958052,13313,Petits fours financiers,Unknown,500 g,"France, en:morocco",2025-09-29,12.77,500.0
103,REC-151159,12792,Biscuits pavot citron,Gerblé,200 g,"France,Réunion,Switzerland",2025-10-20,11.76,200.0
104,REC-287331,14177,The Original Crunchy Rye Breads,Ryvita,250 g,"United Kingdom, en:ireland",2026-01-18,17.49,250.0
105,REC-904456,7274,Pringles Original,Unknown,165g,"Bélgica,Dinamarca,Francia,Alemania,Grecia,Irlanda,Italia,Marruecos,Países Bajos,Nigeria,Rumania,España,Reino Unido",2025-09-15,4.56,165.0
106,REC-561658,8242,Blueberry Muffin Myrtilles,nakd,4 x 35g,"France,Germany,Ireland,Morocco,Poland,United Kingdom",2024-05-16,5.74,4.0
107,REC-884876,8901,merendina big,bimo,52g,en:Morocco,2025-05-21,8.14,52.0
108,REC-221353,9692,Belvita Original Petit-Déjeuner miel et pépites de chocolat,LU,440 g,"Belgium,France,French Polynesia,Réunion,Switzerland",2024-04-04,21.53,440.0
109,REC-279860,11879,Véritable Petit Écolier Chocolat au Lait,Unknown,150 g (12x 12.5 g) e,"Algeria,Belgium,Canada,France,Morocco,Switzerland",2025-11-09,11.82,150.0
110,REC-996817,10003,Galletas fibra zero azúcares,Gullón,170 g,"Portugal,España",2024-09-27,13.03,170.0
111,REC-407433,13728,Belvita Petit Déjeuner Chocolat,"LU,Mondelez",,"en:belgium, en:france, en:guadeloupe, en:luxembourg, en:Belgique, en:La-reunion, en:Switzerland",2025-01-16,2.77,
112,REC-160782,9873,Caramelised popcorn seasoned with sea salt,Proper,28 gram,"Belgium, France, United Kingdom, en:netherlands",2024-08-02,4.7,28.0
113,REC-221530,8033,Edelbitter Mild 90%,Unknown,125g,"Belgium,France,Germany,Morocco,Netherlands,Switzerland",2025-08-23,2.26,125.0
114,REC-183716,12748,Véritable Petit Beurre Pocket,lu,300 g,"Belgium,France,Guadeloupe,Lebanon,Réunion,Switzerland",2025-11-15,11.48,300.0
115,REC-878584,11980,Chips de lentilles saveur fines herbes,Unknown,85 g,France,2025-07-31,1.81,85.0
116,REC-777037,13194,Chocolat noir Equateur Bio,J.D. Gross,100 g,France,2024-09-16,7.37,100.0
117,REC-762689,9488,Biscuit complet au germe de blé,Gerblé,210 g,"France,Guadeloupe,Maroc,La Réunion,Suisse",2024-05-10,3.33,210.0
118,REC-789279,9528,Milka galette choco,"LU, Milka",260 g,"France, Germany, Morocco, Spain, en:belgium",2025-05-23,12.59,260.0
119,REC-188975,5634,Multigrain Crispbread,RYVITA,250 g,"France, United Kingdom, en:ireland",2025-10-15,23.74,250.0
120,REC-476256,8438,Tartines craquantes sarrasin,Céréal Bio,145 g,France,2025-03-16,12.31,145.0
121,REC-337130,14724,Excellence Noir à la Pointe de Fleur de Sel,Lindt,100 g (10 carrés),"France,Suisse",2025-01-07,13.22,100.0
122,REC-415413,5434,NAKD Cacahuètes - 140g (4x1p),"Nakd.,Natural Balance Foods",140 g,"en:belgium, en:france, en:luxembourg, en:spain, fr:Francia",2025-04-14,12.23,140.0
123,REC-599217,6506,Cream Crackers,Unknown,300 g,"France,Suisse,Royaume-Uni",2026-01-10,14.86,300.0
125,REC-563059,5998,Pistaches de Californie,"Alesto, Lidl",,"Bélgica,República Checa,França,Alemanha,Marrocos,Portugal,Espanha",2024-12-13,13.4,
126,REC-294785,13490,Organic Crisp Bread,DR KARG'S,,"France,Allemagne,Royaume-Uni",2024-05-02,6.38,
127,REC-693740,12990,Brioche Tranchée Recette Classique,Harrys,485 g,France,2024-03-09,21.83,485.0
128,REC-760615,11250,Véritable Petit Beurre,Lu,,"France,Suisse",2026-01-20,15.12,
129,REC-195486,11785,"Sweet & Salty Nut chocolat noir et mélange de noix, 5 barres de 30 g",Unknown,150 g ℮,"Belgium,France",2025-02-24,6.11,150.0
130,REC-516677,9726,Cheese Oatcakes,nairn's,200 g,"France,United Kingdom",2024-10-28,11.21,200.0
131,REC-146982,12015,Dark Chocolate,Fin Carré,100g,"Finland,France,Germany,Italy,Latvia,Switzerland,United Kingdom,United States,Czech Republic",2026-01-29,17.47,100.0
132,REC-239925,12675,Wholegrain Wheat Bixies,Crownfield - Lidl,720g - 36,"Ireland, Malta",2025-01-18,9.7,720.0
133,REC-109693,9652,Granola LU,LU,184g,France,2024-10-18,1.26,184.0
135,REC-176522,5950,Sour Cream & Onion chips,Pringles,185g,"France, Germany, Spain, Switzerland, United Kingdom, en:austria",2025-09-29,11.05,185.0
136,REC-145901,9071,Belvita Brut & 5 céréales complètes,Lu,400 gram,"Belgique,France,Luxembourg,Nouvelle-Calédonie,Suisse",2024-07-18,24.59,400.0
138,REC-360302,11499,Chocolate negro 95% cacao,J. D. Gross,125 g,"Francuska,Njemačka,Španjolska,Hrvatska,Slovenija,Grčka,Cipar",2026-01-08,2.66,125.0
139,REC-633933,10355,Goûter aux raisins,Gerblé,360 g,"Belgique,France,La Réunion,Suisse",2024-03-28,8.33,360.0
140,REC-187987,6562,Pringles sour cream & onion,"Pringles,Kellogg's",40g,"Austria,Bélgica,Francia,Alemania,Marruecos,Países Bajos,España,Suiza,Reino Unido",2024-10-22,23.61,40.0
141,REC-307690,13557,Granola L'original Gros éclats de chocolat,"Granola,LU,Mondelez",276 g,"France,Suisse",2025-01-16,5.67,276.0
142,REC-921480,8300,Milk Chocolate with Honey and Almond Nougat,Toblerone,100g,"Argelia,Australia,Bélgica,Bolivia,Bulgaria,Dinamarca,Finlandia,Francia,Alemania,Italia,Marruecos,Noruega,Polonia,Rumania,España,Suecia,Suiza,Tailandia,Ucrania,Reino Unido",2024-04-06,22.51,100.0
143,REC-715337,14087,Organic Milk Chocolate,Green & Black's,90 g,"United Kingdom, en:ireland",2024-06-17,22.67,90.0
144,REC-195153,7641,Noir Extra,Poulain,100 g,"France,Maroc",2026-01-26,23.04,100.0
145,REC-550594,9230,Le cookie Chocolat Noisette,Bjorg,200 g,Frankreich,2024-06-03,17.62,200.0
146,REC-598496,6586,Tonik,Bimo,121 g,"France,Maroc,en:morocco,",2025-01-07,21.63,121.0
148,REC-825324,7206,Spofy,henry's,50g,"France,Maroc",2024-11-20,16.28,50.0
149,REC-734212,9909,Digestive Avena,Hacendado,,"Portugal,España",2025-08-31,8.32,
150,REC-967946,8890,Galettes St Michel au beurre 4X5 - 130g,St michel,130 g,"Belgien, Frankreich, Guadeloupe, Italien, Martinique, Marokko, Schweiz, Germany",2024-05-13,10.36,130.0
151,REC-561526,12868,Petit brun extra,"Brun,Mondelez",,France,2025-12-26,4.41,
152,REC-306391,8081,"BN - Casse Croute Biscuits, 375g",BN,400 g,France,2024-10-01,1.85,400.0
153,REC-518782,13160,Goûter aux écorces confites,Gerblé,360 g,Francia,2025-11-15,5.87,360.0
154,REC-994456,14348,Шоколад с 6% парченца малини,J.D. GROSS,125 g,"Bulgarie,France,Italie,Portugal,Espagne,Suisse,Royaume-Uni",2024-11-27,13.16,125.0
155,REC-245946,5600,Milka Tablette Noisette,"Milka, Mondelez",100g,"Algeria, Austria, Czech Republic, France, Germany, Morocco, Switzerland, en:slovakia",2025-07-28,18.95,100.0
156,REC-986860,14640,Sablé saveur COCO,Gerblé,132 g,"Belgique,France,Thaïlande",2025-03-16,13.36,132.0
157,REC-253786,8062,Moelleux chocolat,"Belvita, LU, Mondelez International",250 g,"Belgique,France,Maroc,La Réunion,Suisse",2024-04-25,16.82,250.0
159,REC-908189,12873,Ferrero Rocher,Ferrero,375 g,"Algérie,France,Allemagne,Irlande,Maroc",2024-12-23,24.19,375.0
160,REC-722929,11952,NOIR DEGUSTATION 70% CARAMEL,J. D. Gross,125 g,"France,Germany,Italy,Spain,United Kingdom",2024-08-01,1.32,125.0
161,REC-215654,9846,Excellence Noir Délicat Doux 85% Cacao,Lindt EXCELLENCE,100g,"Austria,Czech Republic,France,Germany,Morocco",2024-05-21,20.25,100.0
162,REC-107243,11322,La Madeleine Pur beurre,Bonne Maman,300 g (12 sachets individuels),"France,Suisse",2025-05-21,16.68,300.0
164,REC-662848,7254,Blueberry Muffin raw fruit & nut bar,nākd,35 g,United Kingdom,2024-08-31,20.63,35.0
165,REC-184393,14014,OREO ORIGINAL,OREO,154 g,"Austria,Belgium,Finland,France,Germany,Greece,Italy,Netherlands,Norway,Sweden,Switzerland",2024-10-15,13.24,154.0
166,REC-317612,6203,Benco Original,Benco,400g,France,2024-12-05,1.14,400.0
167,REC-421289,10212,Pringles Sour Cream,"Pringles,Kellogg's",165g,"Bélgica,Alemania,Irlanda,Marruecos,Países Bajos,España,Reino Unido",2024-04-07,18.43,165.0
168,REC-525010,10985,Pelotazos futebolas,Cheetos,32g,"France,Morocco",2024-04-13,2.57,32.0
170,REC-958697,8352,"Crunchy Oats and Dark chocolate, 2 Barres de 21 g",Unknown,42 g,"Belgique,France,Allemagne,Irlande,Espagne,Royaume-Uni",2025-05-12,9.32,42.0
172,REC-312331,6897,Peter's Yard Original Sourdough Crackers,Unknown,,"France,United States,Ireland,United Kingdom",2026-01-25,20.18,
174,REC-384172,10530,Cuetara Digesta Light 200G Marie Cookies,Unknown,200g,"France,Maroc",2025-10-20,6.38,200.0
175,REC-394564,14380,Cacao,Lactel,39 g,"Belgique,Bulgarie,France,Allemagne,Hongrie,Italie,Mexique,Maroc,Portugal,Roumanie,Espagne,Suisse",2026-01-17,7.07,39.0
177,REC-613302,12237,Gingembre saveur citron 🍋,Gerblé,132 g,"France,La Réunion",2025-11-22,24.85,132.0
179,REC-756048,10104,Kinder Country,"Kinder, Ferrero",211.5 g,"Autriche,France,Allemagne,Italie,Suisse",2024-08-18,19.95,211.5
180,REC-731114,7998,Sweet & Salty Popcorn,Proper Corn,14g,United Kingdom,2025-09-21,16.02,14.0
181,REC-881552,13965,Gocciole classiche pav 500 gr,Pavesi,500 g,"Belgium,France,Germany,Italy,Switzerland",2025-10-27,17.3,500.0
182,REC-687196,7075,Protein Caramel salé Cacahuètes,Nature Valley,"160 g ℮, 4 barres de 40 g",France,2025-08-17,17.22,160.0
183,REC-542590,8875,85% Cocoa - Dark Chocolate,Moser Roth,125 g,"United Kingdom,Ireland",2025-07-01,18.29,125.0
184,REC-447906,6547,Noir equitable 85% Pérou,Alter Eco,100 g e,"Belgium,France,Switzerland",2025-07-31,1.22,100.0
185,REC-187921,5654,Nutella,"Ferrero,Nutella",825g,"Deutschland,Marokko",2024-07-04,13.84,825.0
186,REC-272094,5174,Oatibix,Unknown,24 biscuits,"France, Spain, United Kingdom, en:ireland",2024-07-02,13.15,24.0
187,REC-477529,14784,Kinder Cards,"Ferrero,Kinder",128 g,"Belgien,Bulgarien,Finnland,Frankreich,Deutschland,Ungarn,Italien,Luxemburg,Marokko,Rumänien,Spanien,Schweden,Schweiz",2025-12-17,10.3,128.0
188,REC-563532,9187,Petites Madeleines pépites chocolat,St Michel,400 g,"France,Suisse",2025-08-31,11.68,400.0
189,REC-172405,5318,8 Pains au lait frais Bio 280g,Unknown,280 g,France,2025-02-20,21.26,280.0
191,REC-601917,6223,single origin milk chocolate,Marks & Spencer,100g,"France, Royaume-Uni",2025-01-06,21.81,100.0
192,REC-542762,6066,Petit Cookies Pépites de chocolat,Bonne Maman,250g,"Belgium, France, Luxembourg, Switzerland, en:united-kingdom",2024-07-17,5.73,250.0
193,REC-600233,8833,Petit écolier chocolat noir pur beurre de cacao,LU,150 g,"Canada,Frankrijk,Duitsland,Marokko,Réunion,Spanje,Zwitserland",2024-08-28,6.15,150.0
194,REC-120129,10797,Sweet & salty popcorn,Proper Corn,84g,United Kingdom,2024-05-06,3.61,84.0
195,REC-614314,11805,Cocoa Vanilla Oat Boosts,graze,4 x 30 g,"France,United Kingdom",2024-07-20,14.0,4.0
196,REC-151525,5140,Megachok,arluy,500g,"France,Morocco,New Caledonia",2024-05-28,18.21,500.0
197,REC-217744,7396,Cranberry saveur amande,Gerblé,132 g (4 × 3 biscuits),"Frankrijk,Réunion",2025-05-12,9.15,132.0
198,REC-737686,10860,"Biscuits 3 graines Kasha, Sésame, Pavot",Unknown,"132 g, 4 sachets de 3 biscuits","France,La Réunion",2024-08-01,21.57,132.0
199,REC-310932,14834,Chocolat noir 85% Madagascar,Ethiquable,100 g,"France,Spain",2025-04-19,7.05,100.0
200,REC-343699,13161,Véritable petit beurre,"LU, Mondelez, Mondelez international",200 g e,"France,Guadeloupe,La Réunion,Suisse",2024-07-26,19.29,200.0
201,REC-499216,11117,TEXAS BBQ SAUCE,PRINGLES,,"Belgium,Bulgaria,Germany,Ireland,Morocco,Romania,United Kingdom,Libya",2024-03-02,3.96,
202,REC-117524,5039,Extrem,Excelo,,en:Morocco,2025-10-18,23.56,
203,REC-799646,10029,Sablés chocolat,McVitie's,300 g,France,2025-04-07,1.73,300.0
205,REC-734503,14206,Kinder Bueno,Kinder,43g,"Algérie,Belgique,Allemagne,Italie,Maroc,Espagne,Suisse,Tunisie,Royaume-Uni,États-Unis,France",2024-12-31,10.66,43.0
206,REC-426267,11642,Wheat Biscuits,By Sainsbury's,,en:gb,2024-04-21,23.04,
207,REC-616790,14425,Shortbread Fingers,Walker’s,160g,United Kingdom,2025-09-16,1.6,160.0
208,REC-519560,7176,Chips saveur fromage du Jura,Brets,125 g,"France, en:morocco",2024-10-24,21.83,125.0
210,REC-255749,14155,cooky original chocolate chips,Be,,Morocco,2025-03-12,14.76,
211,REC-335372,13315,Fine Milled Oatcakes,Nairn's,218 g,"Frankrijk,Verenigd Koninkrijk",2024-12-20,4.83,218.0
212,REC-824167,8454,Chips de lentilles saveur tomate mozza,Unknown,85 g,France,2025-11-14,7.7,85.0
213,REC-892701,8042,Fruit & Seed Oatcakes,Nairn's,,"France,United Kingdom,United States,en:united-kingdom",2024-11-27,3.52,
214,REC-109243,7429,Milka oreo,Milka Oreo,25g,"France,Morocco,Maroc",2025-06-08,2.72,25.0
215,REC-222245,8897,Chocolate negro,"Carrefour BIO, Carrefour",100 g,"Belgium, France, French Polynesia, Italy, Spain, en:morocco",2025-03-28,9.67,100.0
216,REC-603051,7517,Cocoa Orange,Nakd,35g,Royaume-Uni,2025-08-06,16.7,35.0
217,REC-147698,13137,Savane,Brossard,310 g,France,2024-07-02,21.12,310.0
218,REC-909087,14717,Nutabella,Unknown,900g,Morocco,2024-07-25,18.46,900.0
219,REC-659364,13462,Absolute black dark chocolate,Montezuma's,90 g,"España,Reino Unido",2025-03-30,7.04,90.0
220,REC-431149,8527,eyoo,Excelo,,"France, en:morocco",2025-05-05,19.74,
221,REC-194215,6870,Flash Wondermint Gum,Flash,5 pieces / 12g,"France, en:morocco",2024-07-23,17.85,5.0
222,REC-801190,13662,Biscuits Mega Duo imp,Gullón,500g,"Francia,Marruecos,España,fr:Francia",2025-12-15,7.25,500.0
223,REC-531273,9147,cooky,be,100g,Morocco,2024-12-22,10.84,100.0
224,REC-426965,14311,Dark Chocolate Chip Oat Biscuits,Nairn's,200 g,"France, New Zealand, United Kingdom, en:ireland",2024-06-21,1.2,200.0
225,REC-412341,14101,180G LT NOISETTE COTE D OR,Côte d'Or,180g,"Algeria, France, Luxembourg, en:morocco",2025-02-23,10.13,180.0
226,REC-842128,14185,Dark Chocolate,TESCO finest,100g,en:united-kingdom,2025-05-06,12.39,100.0
227,REC-513271,10123,Merci Finest Selection Assorted Chocolates,Storck,250unknown,"Austria,Belgium,Bulgaria,France,Germany,Hungary,Morocco,Netherlands,North Macedonia,Poland,Romania,Sweden,Switzerland,United Kingdom",2024-06-15,13.74,250.0
228,REC-901924,5988,LOTUS BISCOFF Speculoos Original - 250g (2x125g),"Lotus Bakeries, Lotus",250 g,"Belgium, France, en:morocco",2025-10-22,6.98,250.0
229,REC-738096,8362,Noir 70% Intense,Unknown,100 g,"Belgique,France,Italie,Maroc",2025-02-21,23.87,100.0
230,REC-554502,11920,Biscuits Germe de Blé et Pépites de Chocolat,"Lidl,Sondey","200 g, 4 pochons de 5 biscuits",France,2024-03-16,4.49,200.0
231,REC-415207,14283,Milka wholenut,Milka,,"France,Maroc",2025-04-14,2.02,
232,REC-932547,13331,nakd peanut butter protein bar,Nakd,3 x 45g,"France, United Kingdom, en:belgium",2024-05-02,16.1,3.0
233,REC-225200,13078,Fine & Gourmande Noir 70%,"Fine gourmande,Poulain",100 g,"France,Maroc",2025-08-05,17.64,100.0
234,REC-700756,6550,Barre céréales Protéines peanut& chocolat🍫,Nature Valley,160 g,"Bélgica,Francia,España,Reino Unido",2025-05-22,3.22,160.0
235,REC-104753,5467,Nature Valley Crunchy Oats & Honey,Nature Valley,,"Francia,Grecia,Irlanda,España,Reino Unido",2025-01-01,13.98,
236,REC-563677,10401,B'ono Wafer,Excelo,ja,en:Morocco,2024-02-18,22.57,
237,REC-215776,13213,Cracotte Chocolat,"LU,Mondelez",200 g,"Belgique,France,La Réunion,Suisse",2025-09-15,8.73,200.0
239,REC-636347,13593,Tentation aiguebelle,Aiguebelle,,Morocco,2024-11-16,14.26,
240,REC-411150,6118,Nut & fruit mix classic,"Alesto, Lidl",200g,"Bulgarie,Croatie,France,Allemagne,Pologne,Roumanie,Serbie,Espagne",2025-04-13,3.62,200.0
241,REC-740006,14976,Baiocchi nocciola 260g,"Barilla, Mulino Bianco - Barilla - Barilla G. e R. Fratelli - Società per Azioni - Via Mantova, 166, 43122 Parma - Italy",260 g,"France,Germany,Italy,Spain,Switzerland",2026-01-18,1.02,260.0
242,REC-786767,11518,Table Water,Carr's,125g,"France,Irlande,Royaume-Uni",2025-03-02,4.99,125.0
243,REC-546635,8778,Biscoff,Unknown,250g,"Armenien,Irland,Neuseeland,Spanien,Vereinigtes Königreich",2025-09-16,11.99,250.0
244,REC-140146,5570,B-ready 6 pièces,Ferrero,132 g,"Bélgica,Francia,Alemania,Italia,Luxemburgo,Martinica,Mauricio,Marruecos,Nueva Caledonia,Reunión,España,Suiza,República de China,Tailandia,Reino Unido",2025-01-10,10.97,132.0
245,REC-594620,8463,Cheese & Onion Flavour Potato Crisps,Walkers,25 g,United Kingdom,2025-05-19,7.05,25.0
246,REC-116922,7404,Pim's Sinaasappel,LU,150 g e  [12 biscuits],"Belgique,France,Pays-Bas,Espagne,Suisse",2025-05-03,17.63,150.0
247,REC-307325,5909,Dark Chocolate Nuts & Sea Salt Bars,KIND,3 x 30g = 90g,en:gb,2025-07-27,19.81,3.0
248,REC-147375,13240,Noir intense dessert 70%,Lindt,200 g,"France,Maroc,Royaume-Uni",2026-01-27,5.7,200.0
249,REC-255248,6169,Biscuits Soja Figue,Gerblé,270 g,"Belgique,France,Maroc,La Réunion,Suisse",2024-10-30,5.23,270.0
250,REC-477166,11681,CREAM CRACKERS,Tesco,300 g,"France, Ireland, en:united-kingdom",2024-09-01,15.59,300.0
251,REC-984645,13750,Le petit Gerblé nature,gerblé,200g,en:fr,2024-11-20,11.76,200.0
252,REC-637099,10108,Bastogne,"LU, Mondelez",260 g ℮,"France,en:belgium,en:reunion, en:new-caledonia, en:french-polynesia",2024-04-02,24.22,260.0
253,REC-872243,7122,90G FERRERO ROCHER TABLETTE LT,Ferrero Rocher,90g,"Belgium,Bulgaria,France,Germany,Morocco,Romania,United Kingdom,Italy",2025-05-18,20.01,90.0
254,REC-256797,10421,"Chocolate Bar, snickers","SNICKERS, Mars",,"Bulgaria,República Checa,Francia,Alemania,Marruecos,Polonia,España",2025-04-17,18.94,
257,REC-163360,12757,Twix Twin,Mars Wrigley,50g,"Belgium, Bulgaria, France, Germany, Hungary, Italy, Morocco, Romania, United Kingdom, en:saudi-arabia",2024-08-28,2.23,50.0
259,REC-919628,7157,Cookie Chocolat saveur noisette Sans sucres,Gerblé,130 gr,France,2024-11-07,16.9,130.0
261,REC-653547,11328,NAPOLITAIN,Aiguebelle,4 grs,Morocco,2024-06-07,2.74,4.0
262,REC-124019,10597,Biscuit chocolat saveur amande,Gerblé,200 g,"Francia,Reunión",2024-08-31,12.36,200.0
263,REC-234442,14276,sablé sésame saveur vanille  - Gerblé sans sucres,Gerblé,132g,France,2025-08-21,4.09,132.0
264,REC-224813,11208,"Gerblé - Sablés sans sucres saveur citron et Yuzu, 132g (4.7oz)",Unknown,"132 g, 3 sachets de 4 biscuits","Belgique,France,Suisse",2024-11-17,23.59,132.0
265,REC-886778,8143,Ferrero Rocher x 16,Ferrero,200g,"Dänemark,Frankreich,Deutschland,Marokko,Schweiz",2024-09-12,13.75,200.0
266,REC-222243,8407,Fakiat Barbeque,leader food,18g,"France,Morocco",2025-09-15,5.96,18.0
268,REC-565596,12121,Sea Salt & Balsamic Vinegar Crisps,Kettle,130g,"Ireland, en:united-kingdom",2024-03-27,4.56,130.0
269,REC-468646,11217,Excellence Noir Orange Intense,Lindt,100 g,"Canada,France",2025-08-19,22.06,100.0
270,REC-706461,6671,Crousti'Son Miel 🍯🐝Sésame,Gerblé,200 g,"en:france, en:La Réunion, en:Switzerland",2025-03-29,21.38,200.0
273,REC-541786,12292,Kinder Délice 10-pack,"Kinder,Ferrero",390g,"France,Germany,Italy,Morocco",2026-02-04,18.76,390.0
274,REC-705116,8552,Fourrés chocolat lait noisettes,Bjorg,,France,2026-01-15,3.34,
275,REC-618179,7791,Tartines craquantes au sarrasin,Unknown,,"Belgique,France,Espagne,Suisse",2024-09-15,15.46,
276,REC-805713,7030,Hohos,Unknown,,en:ma,2026-01-04,10.24,
277,REC-787344,8824,Lemon Blueberry Oat Boosts,graze,4 x 30g,en:gb,2025-08-19,6.98,4.0
278,REC-452636,5813,Bimo,Merendina,36 g,Morocco,2025-03-02,12.78,36.0
279,REC-388435,6058,Oreo original,Mondelez,,en:Morocco,2024-07-23,16.2,
280,REC-410200,11324,Malt Loaf,Soreen,,"France,United Kingdom",2025-04-06,18.84,
281,REC-431929,10622,kinder chocolate,Kinder,50g,"Algérie,Australie,Brésil,France,Allemagne,Hong Kong,Hongrie,Italie,Lituanie,Maroc,Portugal,Roumanie,Espagne,Suisse",2024-05-25,14.96,50.0
282,REC-595599,14494,Whole Nut Milk Chocolate,Fin Carré,,"Bulgaria,France,Germany,Ireland,United Kingdom",2025-05-22,17.98,
283,REC-420462,11667,Cuor di Cereale,Galletas Gullon,300 g,"Bulgaria, France, Italy, Morocco, en:romania",2025-01-03,12.52,300.0
284,REC-276469,9429,Milk Chocolate,Tony's Chocolonely,180g,"United Kingdom,en:united-kingdom",2024-09-26,1.92,180.0
286,REC-278242,14213,Sablé Nature sans sucres,Gerblé,132g,"France,Suisse,États-Unis",2025-02-28,20.37,132.0
287,REC-304978,5948,Break Chocolate Fingers,"Break,Tiffany",31 g,"Lebanon, en:morocco",2024-11-29,15.29,31.0
288,REC-938382,10480,Gifflar Cannelle,"Pågen,Gifflar",260 g,"Francia,Alemania,Italia,Países Bajos,España,Reino Unido",2026-02-03,23.2,260.0
290,REC-668825,9445,Veg crisps,TYRRELL'S,125 gr,"France,Switzerland,UK",2025-10-29,10.65,125.0
291,REC-714142,7706,top cookies original,Excelo,32 g,Morocco,2024-06-04,3.0,32.0
292,REC-155683,14201,Tartines craquantes Froment,Maître Jean Pierre,250 gram,"België,Frankrijk,Duitsland",2025-12-07,16.14,250.0
293,REC-614633,11197,80% cacao noir,Carrefour,80 g,"France,Italie,Maroc,Espagne",2025-03-30,4.16,80.0
294,REC-810541,10650,Peanut Delight,nākd,4 x 35g,Royaume-Uni,2024-03-11,14.72,4.0
296,REC-891439,8216,Kinder Kinderini,Ferrero,250 g,"France,Allemagne,Italie,Suisse",2026-01-02,7.97,250.0
298,REC-828436,12339,Buscalios,Risi,35g,"Francia,España, en:morocco",2025-10-13,22.21,35.0
299,REC-231742,11533,Biscuits Tacos,Reda Food,,Maroc,2024-06-25,7.47,
300,REC-505283,11007,Dark chocolate 75%,Marks & Spencer,,en:gb,2025-10-30,3.88,
301,REC-405146,5025,PEANUTS ROASTED & SALTED,Alesto,250 g,"Belgique,Bulgarie,France,Hongrie,Espagne,Suède",2025-02-08,21.93,250.0
302,REC-419555,14119,Roudor,St Michel,150 g,France,2024-03-31,1.02,150.0
303,REC-885496,9271,Tartined Craquantes Châtaigne,"Jardin bio, Léa Nature",150 g,France,2025-02-10,5.7,150.0
305,REC-432435,12770,Crunchy,Be,34g,Maroc,2025-09-12,8.15,34.0
306,REC-503925,8359,Chips recette paysanne nature,Lays,155 g,France,2025-03-18,17.38,155.0
307,REC-109081,9704,Ready Salted Crisps,Walkers,,United Kingdom,2026-01-11,2.11,
308,REC-801714,12355,Fine milled oatcakes,Nairn's,4 pouches of 8 oatcakes (250 g),United Kingdom,2024-08-29,9.84,4.0
309,REC-789642,14617,Prince Multicéréales Goût Chocolat Au Blé Complet,Unknown,293 g ℮ (15 biscuits),"France,Réunion",2025-09-24,7.03,293.0
310,REC-501122,8459,Nutella biscuits fergulf,"Ferrero, Nutella",166 g,"France, Italy, Morocco, United Kingdom, en:germany",2025-10-28,2.76,166.0
311,REC-425316,8036,Pringles Paprika,Unknown,40g,"Franța,Germania,Maroc",2025-09-25,20.8,40.0
312,REC-673861,8907,Chocolate For Change Single Origin 85% Cocoa Dark Chocolate,Coop,100 g,United Kingdom,2024-04-26,4.85,100.0
313,REC-923949,14607,80% Dark Chocolate,Sainsbury's,,en:gb,2025-04-14,2.71,
314,REC-975360,8850,Pain au lait bio x12 420g,la boulangère,420 g,France,2026-01-26,5.26,420.0
315,REC-171363,11285,Hohos,Unknown,,en:ma,2024-09-26,23.3,
316,REC-610460,8398,Protein Salted Caramel Nut,Unknown,40g,"France, Germany, United Kingdom, Frankreich, en:belgium",2024-11-08,7.75,40.0
317,REC-403782,7698,LU - Grany pommes,LU,125 g (x6),France,2026-01-24,24.67,125.0
318,REC-777889,11571,Pim's - Framboise,Lu,150 g,"Belgique,France,Maroc,Espagne,Suisse",2024-12-31,5.69,150.0
320,REC-327239,13402,Paahdettu maapähkinä,Alesto,200 g,"France,Spain,Finland",2024-06-30,3.51,200.0
321,REC-326397,9991,Chocolat noir 80% Équateur intense et floral,Ethiquable,100 g,"France,Espagne,Suisse",2025-10-27,16.41,100.0
322,REC-690278,14683,Chocolate negro 85% cacao,Hacendado,100.g.,España,2024-12-07,3.83,100.0
323,REC-102120,7648,Milk Chocolate,Fin Carré,100g,"Bulgaria,Finland,France,Germany,Hungary,Poland,Romania,Slovenia,Spain,Estonia",2024-09-16,6.92,100.0
324,REC-688832,10581,Dunkle Schokolade mit ganzen Haselnüssen,"fin Carré, Lidl fin Carré",100g,"Belgium,France,Germany,Netherlands,Poland,Spain,Switzerland",2025-05-31,22.64,100.0
325,REC-291490,12382,Biscuits fourrés aux framboises,Unknown,175 g,"France,Morocco,Switzerland",2025-12-15,19.27,175.0
326,REC-740623,7606,M&M's peanut,Mars Wrigley,330 g,"Belgium,France,Germany,Italy,Switzerland",2025-03-31,21.82,330.0
328,REC-247388,9226,Oregano Crostini Italian Bread Bites,Crosta & Mollica,150g,"France, en:united-kingdom",2024-09-14,16.31,150.0
329,REC-118961,6135,Oat Biscuits,Unknown,200 g,"New Zealand, United States, en:united-kingdom",2024-12-30,3.01,200.0
330,REC-348747,6106,Excellence À la Pointe de Fleur de Sel Noir,Lindt,100 g,"Bélgica,Dinamarca,Francia,Alemania,Italia,Países Bajos,Portugal,España,Suiza,Reino Unido",2025-04-20,12.48,100.0
331,REC-451588,6932,Moelleux chocolat noix,Unknown,138 g,"France,La Réunion",2024-02-22,9.18,138.0
332,REC-674481,8863,Berry Delight,Nakd,,United Kingdom,2025-01-03,12.51,
333,REC-933861,6676,Ovomaltine crunchy,Ovo maltine,360g,"Belgium,France,Switzerland",2024-10-16,12.83,360.0
335,REC-447978,8413,Crunchy Cereal Bars made with whole grain rolled oats and honey,Nature Valley,420 g,"France, United Kingdom, en:ireland",2025-12-10,9.55,420.0
336,REC-167533,14678,Sweeties Mini,aiguebelle,,Morocco,2025-11-04,16.49,
337,REC-783284,10364,Cookies chocolate Chip,Sondey,225g,"Francia,Alemania,España,Suiza,en:England",2025-02-12,2.55,225.0
339,REC-159182,10578,"Love, Corn (Sea Salt)",Unknown,115g,en:gb,2024-07-15,20.17,115.0
341,REC-312884,6758,Digestive 0%,Hacendado,400g,España,2025-09-04,9.92,400.0
343,REC-417952,12417,Genova - Double Creme,Unknown,38g,Morocco,2025-05-09,4.13,38.0
344,REC-867395,10685,Madagascar Dark Chocolate tummasuklaa,Preferred Selection,100 g,"Czech Republic,Germany,Ireland",2024-07-03,9.37,100.0
345,REC-597548,12785,Mini BN Chocolat,BN,175g (5x35g),"Belgique,France,Maroc,La Réunion,Suisse",2025-04-24,12.69,175.0
346,REC-154012,12482,Biscuit fondant choco 🍫noir (sans sucres ajoutés),Gerblé,126 g,Francia,2025-06-23,11.73,126.0
347,REC-245493,8880,4 Baguettes viennoises 340g,La Boulangère,340 g,France,2024-07-04,7.65,340.0
348,REC-550722,5410,Véritable Petit écolier Pocket Chocolat au Lait,LU,250g (10 x 25g),"France,Suisse",2025-12-15,15.04,250.0
349,REC-405850,13531,SHORTBREAD FINGERS,PATERSON'S,"20 units, 300gr total","Spain, en:united-kingdom",2025-11-29,11.55,20.0
351,REC-758625,11017,cioccolato fondente,fin carre,200 g,Italy,2024-10-28,5.48,200.0
352,REC-633365,5484,Chips sel de mer et poivre noir,Tyrrell’s,150g,"France,Allemagne,Royaume-Uni",2025-06-04,15.97,150.0
353,REC-613708,9966,NESTLÉ DESSERT Noir 205g,Unknown,205 g,France,2024-12-15,3.54,205.0
354,REC-793167,6407,Corn Thins Original,Real Foods,150g,"Australia,France,New Zealand,United Kingdom",2025-07-21,2.0,150.0
355,REC-914211,14067,Marmite Crunch,graze,100 g,"France,United Kingdom",2024-07-27,22.51,100.0
356,REC-815843,9336,Chipotle & lime,Manomasa,,en:gb,2024-11-15,3.67,
357,REC-508584,11539,HIGH FIBRE CREAM CRACKERS,"Jacob's, Jacobs",,"Royaume-Uni, en:france",2024-10-25,12.73,
358,REC-236097,12806,The Original Cracker,Ritz Bakery,200 g,"United Kingdom, United States",2025-12-22,16.67,200.0
361,REC-787632,11920,BARBECUE LENTIL CHIPS,PROPER,85 gram,"United Kingdom,Netherlands",2024-11-23,4.69,85.0
362,REC-473925,7936,"LU - Grany Chocolate 5 Cereals Bar x6, 125g (4.5oz)",Lu,125 g,"France,Guadeloupe",2025-06-16,14.74,125.0
363,REC-477514,11188,Kinder Riegel Einzelpackung,"Ferrero group,Kinder",100 gram,"Belgium,Bulgaria,France,Germany,Morocco,Poland,Spain,Switzerland",2025-05-08,6.36,100.0
364,REC-105082,6224,Melloeux Fruit Rouges,Unknown,,"Belgique,France,Portugal,La Réunion,Suisse",2024-12-16,5.46,
365,REC-528664,10267,Just Snax Tortilla Chips,Sainsbury's basics,200 g,United Kingdom,2026-01-26,11.85,200.0
366,REC-887059,7787,"Hazelnut, Pecan & Maple Oat Bars",deliciously ella,3 x 50g,United Kingdom,2024-08-23,10.4,3.0
367,REC-756881,6573,"Bonne Maman - Quatre Quarts, 500g (17.6oz)",Bonne Maman,500 g e,Francia,2024-06-14,5.56,500.0
368,REC-436222,12499,Chips saveur Sel & Vinaigre,Unknown,125 g,"Croatie,France",2025-08-07,19.51,125.0
369,REC-910883,10674,Mignonnette noir de noir,"Côte d'or,Kraft Foods,Mondelez International",,"Belgium,China,France",2025-03-25,14.93,
370,REC-594096,13112,La Paille d'Or aux framboises,"Lu, Mondelez International",170 g,"France,Suisse, en:belgium",2024-03-09,22.58,170.0
372,REC-162742,12477,Musli Oat biscuits (Blueberry),Emco,"Weigh 60g, 6 pieces inside","France, en:morocco",2024-11-07,17.9,60.0
373,REC-404794,8005,Lightly Salted Potato chips,Kettle,25g,en:gb,2025-06-21,4.21,25.0
375,REC-709714,9026,Curly cacahuète l'original,Unknown,160 g,"Canada,France",2025-08-21,4.98,160.0
376,REC-142011,11614,Salt and Vinegar Flavour Potato Crisps,Walkers,25 g,United Kingdom,2026-01-15,17.12,25.0
377,REC-224018,7160,Belvita original  - Biscuits petit déjeuner miel & pépites de chocolat,"Belvita, Lu, Mondelez",,"France,La Réunion,Suisse",2024-05-30,13.35,
378,REC-450859,14600,Chocolat noir Bio 70%,"Côte d'Or,Mondelez International",90 g,"Belgium,France,Réunion",2025-05-14,10.2,90.0
379,REC-899654,7650,Chips sea salt & cider vinegar,Tyrrels,150g,"France, en:united-kingdom",2024-12-01,19.93,150.0
380,REC-637476,10477,Ready Salted Crisps,Tesco Finest,150g,"United Kingdom,Czech Republic",2024-07-06,16.99,150.0
381,REC-940651,10035,All butter shortbread fingers,Tesco,210g,en:gb,2024-12-02,10.44,210.0
383,REC-164799,13400,The Original Speculoos,Lotus,,"Francia,Alemania,Marruecos,Polonia,España",2024-06-24,19.8,
384,REC-269908,12654,Dark chocolate,Moser Roth,25g,en:gb,2024-06-27,5.52,25.0
385,REC-904498,6405,Milk Single Origin Chocolate,Waitrose,100g,United Kingdom,2024-07-23,4.62,100.0
387,REC-704624,11348,Snack poppé T&H,Too GoodFrance,85 g,Frankrijk,2024-02-23,22.83,85.0
388,REC-117145,6566,crackerbread,RYVITA,200g - 5g cad,"France, United Kingdom, en:ireland",2025-06-17,8.07,200.0
389,REC-526147,6216,Chocolate negro 99% cacao,HACENDADO,,España,2025-10-02,16.56,
390,REC-528594,13701,Carres graines pepites de chocolat,"Lidl, Sondey",140 g,Frankrijk,2025-01-06,15.23,140.0
391,REC-559831,13836,Sucre Pure Via SpecialPatisserie,Unknown,,France,2024-04-03,4.82,
392,REC-646271,10486,Chips de lentilles saveur oignons caramélisés,Vico,85 g,France,2024-09-07,7.75,85.0
393,REC-323617,8422,Excellence Noir Caramel à la pointe de sel,Lindt,100 g,France,2025-07-22,3.72,100.0
394,REC-330558,11609,Kinder Pinguin,"Kinder, Ferrero",240g,"France,Allemagne,Italie,Roumanie",2025-06-17,22.65,240.0
395,REC-243290,5811,Gerblé cacao céréales,Gerblé,160 g,Francia,2025-01-07,17.72,160.0
396,REC-884233,14107,Crakes choc,excelo,,en:ma,2024-06-03,23.59,
398,REC-386153,8164,Chocolat Tentation Noir Gourmand Amandes,Aiguebelle,,"France,Maroc,en:morocco",2024-09-30,12.82,
399,REC-561962,10725,Noir amandes entières,"Côte d'or,Mondelez",180 g,"France,Morocco",2024-06-11,10.09,180.0
401,REC-724820,12941,Raffaello - Confetteria - Kokos & Mandelcreme,Ferrero,90 g,"Bulgaria,Francia,Alemania,Marruecos,Rumania,Reino Unido",2025-09-21,24.36,90.0
402,REC-449605,10319,Chocolate Chip Oat Biscuit Breaks,Nairn’s,160 g,"Czech Republic,Portugal,United Kingdom",2025-02-17,19.59,160.0
403,REC-949874,10721,Milk Chocolate Nut,fin CARRE,100,"Bulgaria,France,Germany",2025-09-20,18.32,100.0
404,REC-859685,8583,Lindt Excellence Dark Orange Intense,Lindt,100 g,"ประเทศออสเตรีย,ประเทศเบลเยียม,ประเทศโบลิเวีย,สาธารณรัฐเช็ก,ประเทศเดนมาร์ก,ประเทศเอสโตเนีย,ประเทศฝรั่งเศส,ประเทศฮังการี,ประเทศอิตาลี,ประเทศโมร็อกโก,ประเทศเนเธอร์แลนด์,ประเทศโปแลนด์,ประเทศสเปน,ประเทศสวิตเซอร์แลนด์,ประเทศไทย (Thai),สหราชอาณาจักร",2024-03-05,17.95,100.0
406,REC-157991,9251,Brioche tranchée nature ss additif,Harrys,680 g,France,2026-01-30,18.51,680.0
407,REC-441880,13367,Pringles,Pringles,175 g,Frankrijk,2025-04-23,14.67,175.0
408,REC-220764,12019,Tortilla chips,Tesco,200g,"Isle of Man, en:united-kingdom",2024-07-24,23.48,200.0
409,REC-315928,9950,Mints,"J.D. Gross, Lidl",,"Germany,France,Finland,Spain,Bulgaria,Lithuania,Czech Republic",2024-06-21,4.56,
410,REC-401196,13993,Pains au chocolat,Pasquier,,France,2025-06-04,13.16,
411,REC-274859,11967,Chèvre piment d'Espelette,Bret's,125 g,"France, en:morocco",2024-07-22,3.98,125.0
412,REC-487510,11203,Raffaello,Ferrero,230g,"Austria, Belgium, Bulgaria, France, Germany, Hungary, Poland, Romania, Switzerland, United Kingdom, en:latvia",2024-08-25,5.63,230.0
413,REC-259397,12550,Mature Cheddar & Chive,Tyrell's,,"France, Germany, Réunion, en:united-kingdom",2025-10-16,24.99,
414,REC-289254,13814,raw fruit & nut bar,nakd,35 g,Royaume-Uni,2025-11-07,22.45,35.0
415,REC-758050,13025,Oven Baked Sweet Potato Fries,Strong Roots,,"France,United Kingdom",2024-04-24,13.78,
416,REC-830455,7199,NESTLÉ DESSERT 70% Absolu 170g,"Nestlé,Nestlé Dessert,Tablettes",170 g,"France,La Réunion",2025-11-24,2.61,170.0
417,REC-675513,12219,Tosta Rica,Cuétara,570 g,"France,Morocco,Spain",2025-05-17,3.4,570.0
418,REC-894378,9551,Crunchy canadian maple syrup,Nature Valley,210 gram,"Francia,España,Reino Unido",2025-11-30,15.06,210.0
419,REC-712691,12721,Bio crackers,Lidl,200 g,Frankrijk,2025-01-22,22.68,200.0
420,REC-741000,9144,McVities Rich Tea Biscuits,McVitie's,300 g,"United Kingdom, en:ireland",2024-03-01,22.32,300.0
421,REC-253952,13821,Baiocchi nocciola snack mb,"Barilla, Mulino Bianco",336 g,"France,Italie",2024-03-29,3.79,336.0
423,REC-560612,12280,Intense Dark Chocolate 85% Cocoa Solids,Marks & Spencer,100 g e,"France,Royaume-Uni",2025-05-19,5.02,100.0
424,REC-377992,13367,Tartines Craquantes Multi-Céréales,Céréal bio,145 g,"France,Switzerland",2024-11-23,19.21,145.0
425,REC-766839,11640,Chocolat au lait feuilleté caramel,Poulain,95g,France,2024-11-14,5.33,95.0
426,REC-400914,6909,Chocolate negro 0% azúcares añadidos 85% cacao,Unknown,100 g,Spain,2024-12-14,2.21,100.0
427,REC-952850,14781,Chips de Sarrasin au Sel de Guerande,Brets,120 g e,France,2024-03-09,18.89,120.0
428,REC-698801,10404,"BN - Strawberry Cookies, 285g (10oz)",BN,285 g,"Bélgica,Francia",2024-06-12,6.24,285.0
429,REC-555333,10657,Baked Sea Salt,Walkers,6 x 22g,"United Kingdom, Germany",2024-10-09,20.35,6.0
430,REC-692545,13969,Salt and Vinegar Flavour Rice and Corn Cakes,Unknown,117g,United Kingdom,2025-11-11,15.91,117.0
431,REC-817214,6912,Bonbon à la Sève de Pin,Unknown,,"Belgium,Brazil,Canada,France,Switzerland",2024-07-18,20.13,
432,REC-786321,14062,La Barquette (chocolat),LU,,"France,La Réunion,Espagne",2024-10-18,4.25,
433,REC-460626,8289,Création Rocher Noir,Lindt,,"France,Allemagne,Maroc",2025-05-29,5.35,
434,REC-224080,10303,Scottish Rough Oatcakes,Savour Bakes,250 g,"United Kingdom, en:ireland",2025-04-04,22.63,250.0
436,REC-757953,10560,10 Pains au lait frais sans sucres ajoutés 350g,la boulangère,350 g,France,2025-06-10,16.21,350.0
437,REC-115392,13265,Pomme de terre nature,Unknown,155 g,en:fr,2025-09-17,14.11,155.0
438,REC-892352,7611,all butter shortbread fingers,Tower Gate,210g,"Czech Republic,France,Germany",2025-08-31,22.34,210.0
440,REC-700666,5519,M&M's Cacahuètes - Pack familial,"M&M's, Mars",550 g,France,2024-08-02,1.56,550.0
441,REC-251272,10523,NESTLÉ DESSERT Corsé 200g,"Nestlé, Nestlé Dessert, Tablettes",,"France,Allemagne,Martinique,La Réunion",2024-05-12,21.77,
443,REC-483324,12448,Digestive zero sin azúcares,Gullón,400 g,"en:andorra, en:france, en:morocco, en:portugal, en:senegal, en:spain",2026-01-06,12.54,400.0
444,REC-212204,12863,Hazelnut Butter Dark Chocolate,Hu,60 g,"Spain, en:united-kingdom",2024-09-07,12.32,60.0
445,REC-540997,9547,Chips nature,"Lay's, Lays",135 g,en:fr,2025-06-15,10.28,135.0
449,REC-448241,10128,Le Sablé pur beurre,Unknown,125 g (2 sachets x 8 biscuits),"France,Maroc",2024-06-30,4.96,125.0
450,REC-402691,13147,Schokobons,Kinder,200g,"Autriche,Belgique,France,Allemagne,Espagne",2025-05-26,21.0,200.0
451,REC-501265,13534,María dorada 0%,Hacendado,400 g (2 x 200 g),"Portugal,España",2025-06-01,7.0,400.0
452,REC-132229,9786,BelVita Original Petit Déjeuner pépites de chocolat,"LU, belVita",300 g,"Belgique,France,Luxembourg,Suisse",2025-10-12,17.3,300.0
453,REC-482175,13507,Biscuits nappés de chocolat noir,Unknown,,France,2024-04-30,15.8,
455,REC-928352,7317,Berry Delight Bars,Nakd,"140 g, 4 barres","Belgium,Czech Republic,France,Netherlands",2024-09-22,14.31,140.0
456,REC-771515,9509,POM-BEAR Potato snacks,KP Snacks,13g,United Kingdom,2025-03-07,23.09,13.0
457,REC-299670,11373,Aiguebelle Mini Chocolate,Aiguebelle,,"France, en:morocco",2025-06-29,15.64,
458,REC-503591,5684,Organic Sesame Biscuits,"Biscuiterie De L'Abbaye, Lidl, Sondey",170 g,France,2025-12-30,14.5,170.0
460,REC-620581,14477,Fourré Cacao sans sucres,Gerblé,185 g,"Francia,Polinesia Francesa",2025-05-06,11.91,185.0
461,REC-734098,13212,Kinder Maxi,"Ferrero, Kinder, Mixte",231 g (11x21g),"Belgium,France,Germany,Spain",2024-07-26,1.25,231.0
462,REC-241923,10558,Lentil Chips - Sea Salt Flavour,Eat Real,113g,United Kingdom,2025-02-05,18.33,113.0
463,REC-885440,14660,Vegetable chips,Deluxe,100g,"Czech Republic, Italy, United Kingdom, en:bulgaria",2024-07-06,3.74,100.0
464,REC-647623,11437,Bono,Unknown,,en:ma,2024-09-25,4.12,
465,REC-113143,6277,Eyoo choc,Excelo,,Morocco,2024-02-09,20.01,
466,REC-656966,11976,Tobigo,Unknown,,"en:ma,",2025-10-01,21.5,
467,REC-693147,7455,Mon Cherie,Unknown,315g,"Austria, Germany, Switzerland, en:france",2024-07-21,19.59,315.0
468,REC-213879,14019,Top Original,Unknown,56 g,en:Morocco,2024-02-16,5.19,56.0
469,REC-532547,8179,Chips saveur Poulet Braisé,Unknown,125 g,"France, en:morocco",2024-06-05,8.46,125.0
470,REC-273703,12815,Petit Déjeuner Chocolat,"Belvita,LU,Mondelez",600 g e,"Belgique,France,La Réunion,Suisse",2024-07-29,21.43,600.0
471,REC-875617,7677,The golden experience,FERRERO ROCHER,,"France,Allemagne,Martinique,Maroc,Suisse",2024-06-09,11.54,
472,REC-945353,9689,Biscuits Nutella B-ready x15 gaufrettes fourrées,"Ferrero, Nutella B-ready",330 g,France,2025-08-17,20.81,330.0
473,REC-628376,12803,Delichoc Milk Chocolate Cookies,Delacre y,150g,en:france,2024-02-24,20.19,150.0
475,REC-721254,13262,Cherry Bakewell Oat Boosts,Graze,,en:gb,2024-11-25,23.98,
476,REC-669569,8846,Cream Crackers,Unknown,300g,"United Kingdom, en:ireland",2025-10-06,20.16,300.0
478,REC-332005,5142,Schoko-Bons,"Kinder, Ferrero",225 g,France,2025-04-07,21.09,225.0
479,REC-661603,7838,Chocolate Extrafino 80% NOIR 0% azúcares añadidos,trapa,80g,"Spain, en:morocco",2025-11-08,24.18,80.0
480,REC-152568,11040,Harrys brioche tranchee pepites de chocolat sans additif 485g,Harry's,485 g,France,2026-01-30,15.38,485.0
481,REC-283969,11603,Biscuit Chocolat Céréales,gerlinea,200g,France,2024-08-16,11.86,200.0
482,REC-623742,10968,L'original noir,Côte d'Or,200 g,"France,Morocco",2025-06-19,11.51,200.0
483,REC-182020,11664,Prince goût tout Choco au blé complet,LU,300 g,"France,en:La Réunion,en:États-Unis",2025-10-04,23.8,300.0
484,REC-734828,14472,Sticks Bretzels d'Alsace L'original,Dr. Oetker,300 g,France,2025-09-07,23.79,300.0
485,REC-614213,7642,Lightly salted tortilla,LIDL,200g,"Frankreich,Deutschland",2026-01-10,23.11,200.0
486,REC-227715,14036,Biscuits Abricot Pistache,Gerblé,160 g,France,2024-06-16,21.09,160.0
488,REC-350428,7250,Protein Peanut Butter Bar,N?kd,45 gram,"France, United Kingdom, en:switzerland",2025-02-12,15.8,45.0
489,REC-676463,10522,Ugandan dark chocolate,"Sainsburys,Sainsbury's",100g,United Kingdom,2025-03-09,18.4,100.0
490,REC-561676,13637,300G DRAGIBUS SOFT HARIBO,Haribo,300g,France,2024-09-26,20.05,300.0
491,REC-618587,8935,Dairy Milk,Cadbury,,United Kingdom,2024-02-05,9.44,
492,REC-310475,8391,chilli and lime protein nut crunch,graze,100g,United Kingdom,2025-10-20,9.31,100.0
493,REC-560155,9783,Shortbread All Butter Fingers,Sainsbury's,200 g,"France, Royaume-Uni",2025-12-18,8.94,200.0
496,REC-828599,6831,Pérou grand cru Amazonas 70% note de fruits rouges,ETHIQUABLE,100 g,France,2025-07-14,20.08,100.0
497,REC-383499,10074,Melts Cheese,Carr's,,"France,United Kingdom",2024-11-24,22.58,
498,REC-547341,14509,Cheetos Sticks Palitos,Unknown,27g,"France, en:morocco",2024-10-10,12.9,27.0
499,REC-336478,6989,Napolitain noir,Aiguebelle,,"France,Morocco",2024-02-24,11.85,
500,REC-852250,13816,Cracker épeautre et 3 graines,MAÎTRE JEAN PIERRE,200g,France,2024-04-08,4.37,200.0
501,REC-934945,14644,Duo Fourré Goût Chocolat 🍫 Noisette 🥜,Belvita,"5x2 biscuits / 5×50,6 g = 253g","Belgique,France",2025-06-03,15.56,5.0
502,REC-416538,8888,Le Moelleux,Ker Cadélac,500 g e,France,2024-06-04,5.5,500.0
503,REC-105895,5408,Mini mix,Gullón,350 g,"Algérie,France,Espagne, en:belgium, en:morocco",2024-08-15,16.08,350.0
505,REC-791744,11417,"Gran Cereale classico, Fiocchi d avena, farrone orzo",Gran Cereale,500g,"Italia,Svizzera",2024-11-23,5.42,500.0
506,REC-629664,10466,Lightly Salted Potato Chips,Kettle,25g,United Kingdom,2024-07-04,24.03,25.0
507,REC-816334,9833,Tartelettes citron,Bonne Maman,125g (9 sachets),"Belgium, France, Germany, Switzerland, en:united-kingdom",2025-12-15,2.15,125.0
508,REC-582703,9474,Grany Noisettes 5 céréales,LU,125 g,"Belgium,France,Switzerland",2025-08-05,13.8,125.0
509,REC-718810,7528,Pringles Hot & Spicy,PRINGLES,40 g,"France, en:morocco",2025-04-03,8.98,40.0
510,REC-612639,12948,Nutella B-ready,"Ferrero,Nutella b-ready",220 g,"Autriche,Belgique,France,Allemagne,Italie,La Réunion,Roumanie,Suisse",2025-11-29,1.09,220.0
511,REC-864840,8774,Chocolat noir pâtissier,Nestlé,,"Finland, en:france",2024-09-12,24.04,
512,REC-368267,5524,Madeleines aux œufs de poules élevées en plein air,St Michel,600 g,France,2024-05-19,3.36,600.0
513,REC-375286,8001,Crackers heudebert,"Heudebert,LU,Mondelez",250 g,"France,Polynésie française,La Réunion",2024-04-13,21.39,250.0
514,REC-547576,6207,Crunchy Nut Bars with Peanuts & Chocolate,Eat Natural,3 x 45g,"België,Frankrijk,Nederland,Verenigd Koninkrijk",2024-10-07,14.26,3.0
515,REC-498844,6133,L'original lait,Unknown,200 g,"Belgium,France,Morocco,Switzerland",2024-12-18,5.4,200.0
516,REC-200491,5023,Monaco,Unknown,,"Belgique,France,La Réunion,Suisse",2025-07-08,4.5,
517,REC-721496,12592,Gran Cereale Cioccolato,Gran Cereale,230 g,"Italia,España",2024-12-14,8.07,230.0
519,REC-985280,5564,Raw Fruit & Nut Bars - Salted Caramel,nākd,4 x 35 g,"United Kingdom, en:ireland",2025-05-14,15.6,4.0
520,REC-252231,6894,Madagascan Dark Chocolate,"Extra Special, Asda Extra Special",100 g,United Kingdom,2025-07-11,6.32,100.0
521,REC-137791,6601,Barres protéinées aux chocolat et cranberries sans gluten,Nature Valley,4 x 40 g,"Belgique,France",2025-01-03,6.96,4.0
522,REC-526840,12072,10 Pains au lait au levain,"Marque Repère, Épi d'Or",350 g (x10),"France,Italie",2025-03-08,2.57,350.0
523,REC-402960,13277,Cream Crackers Original,Jacob's,,"France,United Kingdom",2025-08-30,4.7,
524,REC-420573,14732,Proper Corn Sea Salted Popcorn,Proper,70 gram,"Belgium, France, Netherlands, en:united-kingdom",2025-03-04,21.58,70.0
525,REC-268750,10758,Peanut Butter Oat Bar,Deliciously Ella,50g,"France, United Kingdom, en:ireland",2025-03-16,1.63,50.0
526,REC-260601,12016,Black Forest cherry dark chocolate,Montezuma's,,"France,Royaume-Uni",2024-11-15,16.42,
527,REC-835443,8459,Doritos goût nature,Doritos,160g,France,2025-04-03,23.6,160.0
528,REC-517074,5722,Bretzels d'Alsace maxi,"Dr. Oetker, Ancel",200 g,"France,Guadeloupe",2024-10-07,13.39,200.0
529,REC-858821,12039,Yoyos Strawberry Multipack 5 x,BEAR,5x20g,"France, en:united-kingdom",2025-04-10,7.11,5.0
530,REC-146852,10645,Capri Vanille,Excelo,,Morocco,2024-12-26,14.29,
531,REC-798014,12127,Prince -  Goût Lait -  Choco Au Blé Compet,LU,,"Canada,France,Switzerland",2025-03-20,24.28,
534,REC-559704,8805,Salt & Vinegar Lentil Chips,Unknown,85 g,United Kingdom,2024-06-01,19.13,85.0
535,REC-953626,5378,Fourrés Chocolat🍫,"Jardin bio, jardin bio étic Léa Nature",300 g,France,2024-11-03,1.91,300.0
536,REC-248915,8282,Fettuccine Alfrado,Trader Giotto's,200g,"France,United Kingdom,United States",2024-08-07,23.79,200.0
537,REC-454710,7294,Petit nesquik,Nestlé,6  x 60 g,"Belgique,France,Suisse",2025-12-05,21.84,6.0
538,REC-123934,14679,Crêpes dentelle - L'authentique,Unknown,125 g,"France,Suisse",2024-08-21,20.74,125.0
539,REC-538199,11573,Scottish Rough Oatcakes,Tesco,,"United Kingdom, en:ireland",2024-03-18,19.15,
540,REC-896748,11080,Gaufre de Liège - Perles de sucre,Lotus,315 g,"Belgique,France",2024-10-15,6.77,315.0
541,REC-801387,10403,L'Original noir,"Côté d'Or, Mondelez",300 g (3 * 100 g e),France,2024-10-07,16.31,300.0
542,REC-157258,12355,Apple & Raisin Oat Bar,Deliciously Ella,50g,"France,United Kingdom",2024-11-03,14.36,50.0
543,REC-210063,8108,Prince petit dej,Lu,300 g,"Belgique,France,La Réunion,États-Unis",2025-01-04,20.57,300.0
544,REC-437082,8232,Arôme vanille,Unknown,200ml,France,2025-02-27,14.79,200.0
545,REC-841779,12779,Special K High Protein,Unknown,112g,"Belgique,France",2025-12-12,1.4,112.0
546,REC-441261,7112,Pringles Cașcaval,Pringles,165g,"Hungary, Morocco, Romania, Russia, Spain, en:ukraine",2024-08-13,12.33,165.0
547,REC-873432,8125,Bournville Dark Chocolate bar,Cadbury,180 g,"France,United Kingdom,United States",2024-12-25,21.58,180.0
548,REC-113841,10648,Sweet Chilli Rice Crackers,the Snack organisation,,"France,Royaume-Uni",2026-02-01,20.37,
549,REC-364828,8806,Chocolate Orange Milk,Terry's,,"United Kingdom, United States, en:romania",2024-08-27,11.83,
550,REC-530966,8152,Doo Wap pépites choco,Harrys,320 g,France,2024-08-21,19.06,320.0
551,REC-545232,10025,McVitie's Rich Tea The Light One (Delights),McVitie's,300g,en:gb,2025-05-30,20.02,300.0
552,REC-790841,11019,LOTUS BISCOFF Speculoos Fourré - Crème Speculoos - 150g,Lotus,150 g,"Australia,Bélgica,República Checa,Francia,Alemania,Italia,Marruecos,Nueva Zelanda,Eslovaquia,España,Suecia,Reino Unido",2025-03-21,11.31,150.0
553,REC-995899,7738,Cake fourré saveur fraise,Unknown,6,France,2024-07-31,18.01,6.0
554,REC-764286,6219,Galettes Bretonnes Pur Beurre,Unknown,250 g (2 * 125 g),France,2025-10-26,16.56,250.0
555,REC-135793,5182,Sticks et Bretzels d'Alsace,"Dr. Oetker,Ancel",137 g,France,2025-12-26,16.9,137.0
556,REC-455654,5649,Lindt Excellence Milk Chocolate 100g,Lindt,100 g,"Australia,Dinamarca,Finlandia,Francia,Nueva Zelanda,Noruega,Suecia,Reino Unido",2024-02-20,15.11,100.0
557,REC-915893,9141,moelleux pépites de chocolat,Gerblé,196g,Francia,2025-07-14,19.43,196.0
558,REC-279494,5298,Madeleines moelleuses nature x 24 sachets de 25 g,Ker Cadélac,,"en:france, en:Suiza",2025-12-19,1.69,
561,REC-605981,13347,"Grany moelleux, fruit des bois","Lu, Mondelez","192 g ℮, 6 biscuits en sachet individuel","Belgique,France",2025-01-18,15.76,192.0
562,REC-965000,9706,Baked Pretzels Original Sea Salted,Penn State,175 g,"France,United Kingdom,Netherlands",2025-01-06,3.45,175.0
563,REC-289005,5062,Pom-Bear Original 6pk,Pom-Bear,6X13g,en:United Kingdom,2024-05-22,7.25,6.0
564,REC-158100,13976,Chips saveur Pesto Mozzarella,Brets,,France,2025-12-24,13.4,
565,REC-751061,10543,Rice Crackers Finement Salé promotion,Unknown,85 g,"Belgique,France",2025-07-05,13.2,85.0
567,REC-315652,10902,Bounty 2x,Mars,"2 x 28,5 g","Belgium, Bulgaria, Czech Republic, Denmark, France, Germany, Hungary, Iran, Montenegro, Morocco, Réunion, Romania, Saudi Arabia, Serbia, Slovakia, Sweden, Switzerland, Tunisia, United Kingdom, en:algeria",2024-07-16,17.33,2.0
568,REC-824782,5746,Bear Pure Fruit Yoyos Strawberry 20G,Bear,20g,"Tschechien, Frankreich, Vereinigtes Königreich, Germany",2024-08-28,9.97,20.0
569,REC-116038,10484,Walkers Supreme Prawn Cocktail,Walkers,25g,United Kingdom,2025-02-27,21.02,25.0
570,REC-797759,7004,Oreo Double Creme,"Mondelez,Oreo",157g,"Autriche,Belgique,Danemark,Finlande,France,Allemagne,Pays-Bas,Norvège,Suède,Suisse",2024-09-25,17.03,157.0
571,REC-475248,6779,Trancetto Cacao,Balconi,,"France, North Korea, en:morocco",2025-03-20,24.59,
572,REC-807924,14662,Chocolat noir dégustation 85% cacao bio,"Bio Village,Marque Repère",,France,2025-10-19,16.28,
573,REC-110224,13568,Ferrero Rocher,Ferrero,100g,"France, Morocco, en:romania",2025-01-13,3.25,100.0
574,REC-189159,13071,RASPBERRY WHOLEGRAIN OAT BARS,stoats,4 x 42 g,en:gb,2024-04-22,8.56,4.0
575,REC-236609,13448,Noir 70 %,Biocoop,,France,2025-04-20,17.67,
576,REC-120920,11933,Knusper Schnitte,Sondey,10 x 25 g,"Франция,Германия,Швеция,България",2025-04-24,4.09,10.0
577,REC-342844,14577,Biscuit chocolat noir,Gerblé,150 g,"France,Réunion",2025-05-31,19.49,150.0
578,REC-846346,8714,Fourrés vanille bio,Bjorg,225g,France,2024-09-01,2.67,225.0
579,REC-249351,5221,Haïti Grand cru Cap haïtien 72% cacaoté et fruité,Éthiquable,100 g e,France,2024-09-09,1.84,100.0
580,REC-599185,8373,Gran Cereale Frutta,"Barilla, Mulino Bianco",250 gr.,"Greece, Italy, Switzerland, en:france",2024-10-04,20.6,250.0
582,REC-430647,14678,Shortbread fingers,Belmont Biscuits,,United Kingdom,2025-08-19,22.74,
583,REC-533938,13168,Briochettes,Pasquier,480 g,France,2024-04-19,18.9,480.0
584,REC-859930,9693,Ugandan dark chocolate,Asda,100 g,United Kingdom,2024-12-12,10.2,100.0
585,REC-938747,11561,chocolat noir aux pépites,Carlotti,100 g,Morocco,2025-10-03,2.38,100.0
586,REC-570792,11474,Peanuts roasted & salted,Alesto,500 g,"Bélgica,Francia,Alemania,Italia,Países Bajos,Suecia,España",2026-01-25,8.84,500.0
587,REC-936955,5470,Cigar,henry's,,"France, en:morocco",2025-10-26,6.6,
590,REC-695435,13986,Cracotte fibres,LU,250 g,France,2025-07-20,16.86,250.0
591,REC-761163,6268,Cuor di cereale cioccolato,Gullón,280g,"France, Italy, Morocco, Tunisia, en:bulgaria",2025-06-06,21.57,280.0
593,REC-160620,11740,Corn Smoked BBQ Crunchy Corn,Love Corn,115g,"Spain,United Kingdom",2024-09-25,18.25,115.0
594,REC-671417,11925,Brunch bar choc chip,Cadbury,5 Bars,United Kingdom,2024-02-11,3.91,5.0
596,REC-982031,10416,All Butter Scottish Shortbread Fingers,Marks & Spencer,210g,"France, United Kingdom",2025-01-14,15.64,210.0
597,REC-113541,9705,Taboule oriental 300g,Bonduelle,300 g,"France, Belgique, Luxembourg",2025-05-06,22.16,300.0
598,REC-842371,13428,Brossard le cake à l'anglaise,Unknown,400 g,"France,Switzerland",2025-06-16,10.57,400.0
599,REC-181325,8461,brioche tressée à la main,Unknown,630 g e,France,2025-10-09,12.36,630.0
600,REC-992067,11794,Monster Munch Salé,"Intersnack,Monster Munch,Vico",85 g,"France,Suisse",2025-09-10,11.46,85.0
601,REC-985552,5851,La Vicoise saveur sel de mer,Vico,,France,2026-01-13,19.95,
602,REC-232590,12804,Protein bar peanut and chocolate,Nature Valley,40 g,"France,United Kingdom",2024-03-20,16.3,40.0
603,REC-983019,10744,Black Peppercorn Bolli Italian Crackers,Crosta & Mollica,150g,United Kingdom,2025-04-19,9.1,150.0
604,REC-848021,11603,Malt Lunchbox Loaves,Soreen,,"United States, en:united-kingdom",2024-10-08,10.16,
605,REC-244388,9790,Mini delice amandes,Aiguebelle,,en:Morocco,2025-02-27,13.64,
607,REC-736476,12032,Granola l'original,Unknown,225g,Frankrijk,2025-06-30,5.55,225.0
608,REC-375103,10120,Belvita petit déjeuner goût noisette et chocolat,"Belvita, LU",400 g,France,2026-01-17,13.66,400.0
609,REC-978721,12600,Délichoc Noir,Delacre,150 g,France,2026-01-27,11.58,150.0
610,REC-857909,12918,Dunkle Voll-Nuss,RITTER SPORT,100 g,"Austria, Belgium, Czech Republic, Denmark, France, Germany, Italy, Norway, Russia, Sweden, Switzerland, United Kingdom, en:netherlands",2026-01-01,13.15,100.0
611,REC-428280,13347,CRUNCHY SAVOURY WHOLEWHEAT STICKS,Unknown,200g,"France, en:united-kingdom",2024-10-15,9.35,200.0
612,REC-873211,5619,Sweet Chilli flavour wholegrain snack,Unknown,150 g,"France,United Kingdom",2025-11-30,13.97,150.0
613,REC-177177,10152,Sea salted potato crisps,Unknown,150 g,"France,United Kingdom",2024-07-08,2.26,150.0
614,REC-797863,8408,Wafers Bfb Hazelnut,Balconi,225 g,"France,Maroc,Espagne,Royaume-Uni",2024-07-03,13.6,225.0
615,REC-915342,13747,Molinetti,"Barilla,Mulino Bianco",800,"Francia,Italia",2024-10-03,19.51,800.0
616,REC-491921,7451,Milka,Milka,100 g,"France, Maroc, en:morocco",2024-06-17,2.65,100.0
619,REC-776142,9817,Petites Madeleines  -30% de sucres,St Michel,400 g,France,2024-07-15,7.12,400.0
620,REC-237622,9075,Mars,"Mars, Mars Wrigley",51 g,"France, Germany, Hungary, Morocco, Poland, en:romania",2024-03-13,17.6,51.0
621,REC-603374,6811,LOTUS BISCOFF Speculoos Fourré - Crème saveur Chocolat - 150g,Lotus,150 g,"République tchèque,France,Allemagne,Maroc,Espagne,Royaume-Uni",2024-04-19,3.98,150.0
622,REC-405563,10268,Snack a jacks mini,Snackajacks,19 g,"Ireland, United Kingdom, en:cyprus",2025-07-26,22.98,19.0
623,REC-805265,7363,Mikado Chocolat au lait,LU,100g,France,2024-06-19,4.48,100.0
624,REC-725940,6421,Amandes grillées salées,Alesto,150g,"République tchèque,France,Allemagne,Pays-Bas",2024-06-16,13.57,150.0
625,REC-112319,12789,Excellence Noir Sésame Grillé,Lindt & Sprüngli,100 g,"France,Maroc,Pays-Bas,Espagne",2025-01-14,9.46,100.0
626,REC-479833,12559,Prince Goût Vanille,Lu,300 g,France,2024-07-10,11.77,300.0
627,REC-863427,7692,Pringles original,Pringles,195 g,"Frankreich, en:ch",2026-01-26,13.04,195.0
628,REC-172842,8697,Savane chocolat,Brossard,210 g,en:fr,2024-10-21,17.08,210.0
629,REC-643647,7739,Kafferep,IKEA,600g,"France,Germany,Italy",2025-10-12,11.71,600.0
630,REC-272358,10338,Sea Salt & Crushed Black Peppercorns,Kettle Chips,,en:United Kingdom,2025-03-01,10.36,
631,REC-352735,12195,Snickers (5 Stück à 50 g),Mars Incorporated,50unknown,"en:france, en:germany, en:spain",2024-05-06,11.08,50.0
632,REC-781612,10982,Weiße Schokolade,"Fin Carré, lidl, Lidl Fin Carré",100g,"France,Germany,Italy,Poland,Spain",2024-10-07,21.22,100.0
633,REC-977968,14985,SNACK POPPÉ,TOO GOOD,85g,"France, en:us",2025-04-21,17.87,85.0
634,REC-174568,10736,Madeleines Longues Marbrées chocolat,Le Ster,,"Francia,Suiza",2025-10-04,13.18,
635,REC-346543,8496,LOTUS DINOSAURUS Original Chocolat 225g (4x3p),Lotus,225 g,"France,Allemagne",2024-07-14,8.26,225.0
636,REC-411714,6068,Galletas Chocolate Rebuenas,Hacendado,500 g,"Morocco,Spain",2025-03-16,18.37,500.0
637,REC-373915,8431,Tagada,Haribo,,"en:france, en:Switzerland",2024-12-28,8.32,
638,REC-247713,14552,PAIN AU LAIT BIO PASQUIER,Brioche Pasquier,4 pcs,France,2024-11-05,10.0,4.0
639,REC-127715,8125,50G RICOLA CITRON MELISSE,Ricola,50 g,"France,Suisse",2025-06-19,2.93,50.0
640,REC-263705,12021,Wasa tartine croustillante sensation aux graines de chia & touche de sel 245g,Wasa,245 g,"France,Sweden",2024-11-05,11.51,245.0
641,REC-723202,11319,BREAKSTA Tiffany,wafer sandwich,26g,en:Morocco,2025-09-16,8.6,26.0
642,REC-647565,10431,Tube caramel beurre salé,Régilait,300 g,France,2024-04-24,23.57,300.0
645,REC-196679,10288,Frusli Juicy Blueberries Chewy Cereal Bars 6 x (180g),Jordans,30 g,"France, Switzerland, en:united-kingdom",2024-08-19,4.82,30.0
646,REC-952086,11647,Mini Bites Quinoa & Chía,Gullón,250 g,"Francia,Marruecos,España",2025-08-29,21.84,250.0
648,REC-361666,6019,L'extra craquante nature,Vico,150 g,France,2024-09-19,11.0,150.0
649,REC-799310,5974,Cashew Butter + Pure Vanilla Bean Dark Chocolate,Hu,60g,en:gb,2025-04-30,8.93,60.0
650,REC-404436,12293,Crunchy,Bjorg,150 g,France,2025-08-11,13.29,150.0
653,REC-383318,7857,the ORIGINAL CRACKER,RITZ,,en:United Kingdom,2025-08-20,1.1,
655,REC-850125,7216,Muesli Bars Chocolate,Crownfield,8x25 gram,"Bulgarie,France,Allemagne,Irlande,Royaume-Uni",2024-07-07,10.24,8.0
656,REC-619056,12401,Dunkle Ganze Mandel,"Fin carré, Lidl",200 g,"France,Germany",2024-12-20,1.55,200.0
657,REC-630599,5081,Cake aux Fruits - Tranché,"Lidl, Sondey",300 g,France,2024-05-10,16.18,300.0
658,REC-766752,10102,Galettes Pur Beurre,Bonne Maman,170 g,"France,Suisse",2024-09-15,14.57,170.0
659,REC-768004,5802,Le Palet pur beurre,La Mère Poulard,125 g,"France, en:morocco",2025-02-08,17.63,125.0
660,REC-579857,8304,Les craquantes blé complet,Unknown,250 g,"France,Réunion",2025-11-06,16.74,250.0
661,REC-271727,10870,Muesli CroustillantNoix,Auchan,0.45 kg,"France,Spain, Monde",2024-08-18,9.39,0.45
662,REC-684920,10199,Celebrations,MARS,,"Belgium, France, Germany, Hungary, en:morocco",2025-02-24,19.54,
664,REC-687235,10476,Wafers Cocoa,Balconi,45 g,"France,Maroc,Suisse",2025-08-03,6.55,45.0
665,REC-161215,13919,Protein Bar Cookie & Cream Flavour,Ironmaxx Nutrition GmbH & Co.,45 g,"France,Germany,Bulgaria",2025-09-06,14.13,45.0
666,REC-773229,7829,Gourmet Sea Salt Savoury crackers,Aldi,185 g,"Ireland,United Kingdom",2025-10-08,2.78,185.0
667,REC-126095,7493,Love Corn Salt & Vinegat,Love Corn,,en:gb,2025-06-25,2.08,
668,REC-266437,8787,Cream crackers,By sainsbury's,300g,"France, en:united-kingdom",2025-09-24,3.71,300.0
669,REC-243011,8446,Blueberry & Honey Porridge Oat Bars,Stoats,4 x 42 g,"An Fhraing,An Rìoghachd Aonaichte",2025-06-27,4.41,4.0
670,REC-539546,5522,Biscuit filled with hazelnut spread with cocoa,nutella,193.2g,"保加利亚,德国,马来西亚,摩洛哥,波兰,羅馬尼亞,瑞士,匈牙利",2025-01-12,11.59,193.2
672,REC-825570,14151,hula hoops original,KP Snacks,6X24g,United Kingdom,2025-08-07,4.61,6.0
673,REC-543821,7789,Ritz Crackers Original 200 g,Mondelez,200g,"Germany, Norway, Spain, Switzerland, en:france",2025-04-29,24.5,200.0
674,REC-608252,13403,Berry Delight Fruit & Nut Bar,Nakd,35 g,"United Kingdom, en:ireland",2025-10-11,1.78,35.0
675,REC-437414,11696,"Chocolat Noir 72%, Collection Pure",Villars,,"Croatie,France,Maroc,Suisse",2024-08-14,15.42,
676,REC-348410,8367,NESTLE DESSERT Lait,Nestlé,170 g,"Canada,France",2025-08-07,1.05,170.0
677,REC-294915,10211,BelVita - Petit déjeuner Tartiné,LU,250g,"Belgium,France,Réunion",2025-03-15,19.49,250.0
678,REC-848362,12458,Nature valley crunchy,Unknown,10 Barres,"France, Germany, Italy, en:united-kingdom",2025-05-19,4.11,10.0
680,REC-478427,5222,Proper corn sea salt,Proper,6 x 10g,en:gb,2026-01-04,8.32,6.0
681,REC-397645,7667,Pringles Hot & Spicy,Pringles,175 g,"França,Itália,Portugal",2025-10-02,10.62,175.0
683,REC-298198,13206,Single Estate Venezuelan Dark clChocolate,Sainsbury's taste the difference,100 g,en:gb,2024-12-30,19.05,100.0
684,REC-999488,10754,بريك,Tiffany,12,"Saudi Arabia, en:morocco",2025-04-27,7.87,12.0
685,REC-567142,13819,Mint Intense Dark Chocolate,Lindt,100g,"Ireland, en:united-kingdom",2025-03-04,4.85,100.0
686,REC-748415,6826,Kinder DUO,"Kinder,Ferrero",150 g,"Frankreich,Deutschland,Marokko",2025-06-06,16.51,150.0
687,REC-212845,10753,Joyfuel Chocolat au Lait & Cookie Dough,Joyfuel,55g,France,2025-09-11,2.84,55.0
688,REC-995013,9725,Doritos,Unknown,230g,en:United Kingdom,2024-11-08,19.01,230.0
689,REC-240403,6000,Milka chocolate Hazelnuts,Milka,100 g,"Österreich,Bulgarien,Frankreich,Deutschland,Italien,Marokko,Niederlande,Polen,Rumänien,Thailand,Tunesien,Vereinigtes Königreich",2024-10-05,5.81,100.0
690,REC-843539,6886,Ovomaltine barres,Ovomaltine,100g,"Belgium,France,Luxembourg,Switzerland",2024-12-31,8.9,100.0
691,REC-732172,6239,Pépito Croc sablé goût choco,Unknown,294g,"France,La Réunion",2025-01-23,5.8,294.0
692,REC-389392,11439,Digestive fibra 23%,Unknown,400g.,España,2024-03-13,14.53,400.0
693,REC-318511,8248,Galletas María Dorada,Hacendado,800 g,España,2025-09-12,16.33,800.0
694,REC-188620,6736,Chocolate negro 85%,HACENDADO,200 g,"Portugal,España",2025-08-06,12.52,200.0
695,REC-392757,12858,Frischei-Waffeln,"Confiserie Firenze, Kuchenzauber Lidl, Kuchenzauber",,"Bulgarije,Duitsland,Italië,Roemenië,Verenigd Koninkrijk",2025-01-13,18.11,
697,REC-351418,10336,Breaktime,Tiffany,13g,"Qatar, Saudi Arabia, en:morocco",2025-02-09,8.75,13.0
698,REC-930683,11117,Barbeque,Pringles,12,"France, en:morocco",2024-11-17,24.2,12.0
699,REC-383420,5927,Bahlsen,Bahlsen,,en:united-kingdom,2025-09-02,12.06,
700,REC-252402,10961,Nappés intenses Eclats de fèves de cacao,Bjorg,,France,2026-01-03,23.93,
701,REC-959878,12237,Oats 'N Honey Granola Bars,Unknown,1.49oz (42 g),"France,United States",2025-08-18,1.35,1.49
702,REC-320838,5258,Biscuit saveur vanille citron,"Gerlinéa, Ma Pause Gerlinéa",156g,"France, en:switzerland",2025-11-02,4.63,156.0
703,REC-114796,9377,Tablette BIO dégustation Chocolat noir - 100g,Ivoria,100 g,"France, Switzerland, en:belgium",2025-09-23,23.83,100.0
704,REC-620781,13762,pain des fleurs sarrasin,Le pain des fleurs,150 g,"België,Frankrijk",2025-07-28,23.99,150.0
705,REC-758527,14701,Chocolat noir 85% cacao,"Marque Repère, Equador",100 g,"France,La Réunion",2025-02-24,21.8,100.0
706,REC-785583,9688,Kinder Maxi,Ferrero,10 x 21g,"Österreich,Finnland,Frankreich,Deutschland,Italien,Spanien,Schweiz",2024-05-25,15.11,10.0
707,REC-675659,6785,Délices au Caramel,Lightbody,320 g,France,2025-04-15,24.24,320.0
708,REC-513061,10459,lindt,Unknown,100g,en:gb,2024-08-20,2.29,100.0
710,REC-461910,14376,Manchego & Green Olive,Manomasa,140g,en:gb,2026-02-04,1.66,140.0
711,REC-418209,9355,"Butternut squash, tomato & basil Falafel",Aldi,200 g,United Kingdom,2024-06-21,15.28,200.0
714,REC-989169,6549,Pepito lu pépite choco,"LU,Mondelez",150 g,"France,La Réunion",2025-09-05,19.89,150.0
715,REC-895504,11467,280G HARIBO CROCO,Haribo,,"France,Suisse",2024-12-08,12.76,
717,REC-221525,9733,La Grande Galette pur beurre,Unknown,135 g,"France, en:morocco",2024-02-05,7.35,135.0
718,REC-664894,11162,8 Navettes au beurre frais et à la crème fraîche,La Fournée Dorée,400 g,France,2025-05-29,11.87,400.0
719,REC-215902,7515,5 Banana Lunchbox Loaves,Soreen,,"France, en:united-kingdom",2024-04-26,7.68,
720,REC-682987,11767,Protein Flapjack Cocoa Oat,TREK,50 g,"France,United Kingdom",2024-09-16,16.7,50.0
721,REC-465696,11796,Kinder Chocolate,Kinder,,"Argélia,França,Alemanha,Portugal,Sérvia,Estados Unidos",2025-06-29,3.29,
722,REC-247274,12831,Macine mb 350g int. eu,"Barilla,Mulino Bianco",350 g,"Francia,Italia,España,Suiza,Reino Unido",2025-10-18,22.97,350.0
723,REC-327334,5940,Sweet & saltynut,Nature Valley,30 g,France,2024-06-27,15.3,30.0
724,REC-450794,12469,Gâche tranchée,SAVEURS DE NOS RÉGIONS,500g,France,2024-05-24,19.3,500.0
725,REC-480982,6274,Totas,tosfrit,,"France,Maroc",2024-03-23,20.57,
726,REC-606238,10295,Chocolate 95%,Trapa,80 g,"Spain, en:morocco",2024-12-13,21.39,80.0
727,REC-846159,11811,Fruit Slices APPLE,Go Ahead,,"United Kingdom, en:cyprus",2024-09-02,6.29,
728,REC-594573,8534,miredina,Mondelez,,Morocco,2025-12-17,17.29,
729,REC-254475,11515,Lulu L'Ourson Chocolat,"LU,Mondelez International",150 g,"France,Suisse",2025-09-08,1.97,150.0
730,REC-997609,6579,Sablés sarrasin miel saveur citron,céréal bio,132 g,"France,Switzerland",2024-09-23,11.55,132.0
731,REC-344258,9455,Sweet And Salted Popcorn,Tesco,110g,"Frankreich,Vereinigtes Königreich",2024-10-12,18.58,110.0
732,REC-538715,10760,LOTUS BISCOFF Speculoos Original Pocket Format Familial - 248g (16x2p),Lotus,248 g,"France, en:united-kingdom",2024-05-11,14.99,248.0
733,REC-732999,9921,BREAKFAST Cocoa with choc chips,belVita,225g,"France, United Kingdom, en:portugal",2025-09-08,12.53,225.0
734,REC-127463,13169,Knoppers Einzelpack,Storck,25 g,"Dänemark,Frankreich,Deutschland,Marokko,Polen,Schweiz,Vereinigtes Königreich",2025-01-31,24.3,25.0
735,REC-196691,7786,Dark chocolate nuts & sea salt,KIND,40g,"France,Ireland,United Kingdom",2025-09-27,24.5,40.0
736,REC-113479,5718,Tableta chocolate negro 85%,Carrefour BIO,100 g,"Belgique,France,Espagne",2024-11-12,2.66,100.0
737,REC-764198,5365,Lentil Chips,Snackrite,6 x 15 g,United Kingdom,2025-03-17,19.13,6.0
738,REC-316744,11025,Lindt lait extra fin,Lindt,,en:fr,2024-09-27,16.04,
739,REC-601543,11146,PiCK UP ! Choco x6,Unknown,168 g,"France, en:belgium",2024-09-16,20.76,168.0
740,REC-204201,6171,Fourré FIGUES,Gerblé,180 gr,en:fr,2024-09-09,21.42,180.0
741,REC-316418,14598,curry cauliflower bites,Holland & Barrett,171 g,United Kingdom,2024-06-19,10.02,171.0
742,REC-260803,9776,Tartelettes chocolat caramel,Bonne Maman,135g,"Belgium,Bulgaria,France,Germany,Luxembourg",2024-08-11,5.02,135.0
744,REC-993869,14044,Chips Craquante Sel Brets,Bret's,125 g ℮,France,2024-07-27,23.05,125.0
745,REC-104547,9830,Hanuta 10er-Pack,Ferrero,220 g (10 x 22 g),"France, Germany, Morocco, Switzerland, en:ukraine",2025-02-12,15.14,220.0
746,REC-437468,9108,Onduladas campesinas,Risi,,"Maroc,Espagne,Francia",2025-07-01,20.42,
749,REC-868294,10244,Sweet & Salty Popped Crisps,Popworks,85g,"Ireland,United Kingdom",2025-11-13,19.41,85.0
750,REC-992864,10746,chipsfrisch ungarisch,funny-frisch,150g,Deutschland,2025-07-01,6.39,150.0
752,REC-955523,8057,Noir 85%,Biocoop,100 g,France,2024-02-24,16.04,100.0
753,REC-218768,6370,Matin Chocolat,Unknown,200 g,France,2024-02-21,22.75,200.0
754,REC-382273,6367,MACARONI CHEESE WITH BACON,WOOLWORTHS FOOD,200 g (8 x 25 g),"Bulgaria,France,Germany",2025-04-10,18.36,200.0
755,REC-346482,14372,Véritable petit beurre🧈,Unknown,25 g,"Belgium,France,Switzerland",2024-04-18,20.4,25.0
756,REC-408869,7478,Le palmier,Bjorg,100 g,"France,Switzerland",2025-06-21,9.72,100.0
757,REC-609749,13831,Fourrés goût citron,Bjorg,225 g,France,2024-06-04,23.43,225.0
758,REC-518995,11640,Nicaragua grand cru waslala 75%,Unknown,100 g,France,2025-03-02,1.33,100.0
759,REC-294094,9642,Dessert 72%,Aiguebelle,,"France,Maroc",2025-03-31,10.89,
760,REC-236778,6005,tentation croque lait aux noisettes suprêmes,Aiguebelle,,"France, en:morocco",2024-07-07,12.5,
761,REC-679537,7701,REGAÑA,Hacendado,250 gramos,"Rumania,España",2025-04-28,19.89,250.0
762,REC-504192,9185,Galleta dorada,Gullón,,"France,Morocco",2024-07-29,11.36,
763,REC-884903,7594,Tortilla Chips,Stockwell & Co.,,United Kingdom,2024-09-20,19.56,
764,REC-120400,11836,Wholegrain Ryvita Crackerbread,Ryvita,125 g,United Kingdom,2025-02-25,20.12,125.0
765,REC-742848,14075,Sablés Pavot Coco,Unknown,132 g,Francia,2025-02-14,17.98,132.0
766,REC-993045,11096,Choco Tablet Zero sin Azúcares,Anturios,150g,"Marruecos,España",2025-08-17,17.7,150.0
767,REC-276484,5450,Extra Dark 85% Cocoa,"Fin Carré,Lidl",100 g,"Bélgica,España",2025-10-15,21.94,100.0
768,REC-380641,6676,Donut,Be,50g,en:ma,2024-03-07,1.21,50.0
770,REC-298768,6956,Melty - Be,Be,40g,Morocco,2024-04-08,20.37,40.0
771,REC-173877,11980,6111259345782,Unknown,,en:Morocco,2024-02-23,21.29,
772,REC-900752,9555,Digestive sin azúcares,Gullón,400 g,España,2024-07-04,1.0,400.0
773,REC-234370,8993,Chocolat Noir Amande et Écorces d'Orange,lidl jd gross,125g,"France,Netherlands,United Kingdom",2024-08-20,4.58,125.0
774,REC-302639,14765,14 Gaufrettes saveur Cacao,"Brun, Mondelez",146 g ℮,Francia,2024-05-30,21.72,146.0
775,REC-392128,8230,Brioche tressée pépites de chocolat,Pasquier,630 g,France,2024-05-26,9.52,630.0
776,REC-332397,10763,Mon Chéri,Mon Chéri,157 g,"Frankreich,Deutschland,Schweiz",2024-10-26,2.0,157.0
777,REC-834378,9927,Anglesey sea salt crisps,Pipers,150 g,"France, Switzerland, en:united-kingdom",2025-10-24,13.22,150.0
779,REC-610291,6868,Chocolat Dessert Noir 55%,Aiguebelle,175g,"France, en:morocco",2025-06-03,23.2,175.0
780,REC-582086,8981,Milka Choco Mini Stars,Milka,150g,"Bulgaria,Croacia,Estonia,Francia,Polonia,República Srpska,Rumania,Eslovenia,España",2025-08-26,23.81,150.0
781,REC-137989,8808,Choco wafer,"Milka,Mondelez",180 g,"Francia,Marruecos,España",2025-07-24,16.73,180.0
782,REC-664778,11341,Pelotazos,"Cheetos,PepsiCo",130 g,"Portugal,España",2025-01-30,17.13,130.0
783,REC-710479,7970,Eat Natural Bar Peanut&Chocolate 45g,"Eat Natural, Handl norway as",45g,"France, Germany, Netherlands, Spain, United Kingdom, en:belgium",2024-02-29,14.94,45.0
784,REC-800626,5120,KIDDYLICIOUS Veggie Straws - saveur Légumes - 48g (4x12g),Kiddylicious,48 g,"France, en:united-kingdom",2024-12-04,7.79,48.0
785,REC-476792,10960,Barquillos Chocolate Zero sin azúcares,Gullón,60g,"Morocco, Romania, Spain, en:bulgaria",2025-01-04,13.46,60.0
788,REC-659487,5267,Mini cheddars,Unknown,,en:gb,2024-11-21,21.51,
789,REC-436451,5050,Barres de céréales fraises et framboises x 6,Crownfield,"124,8 g",France,2025-06-24,1.48,124.0
791,REC-668201,14522,Oatcakes - Organic,Nairn's,250 g,"France, en:united-kingdom",2025-10-23,21.37,250.0
792,REC-559769,9717,Multigrain Crackers,Rivercote (LIDL),170g,France,2025-03-28,11.18,170.0
793,REC-163843,7058,Mélange de noix et pistaches,Alesto,200g,"Bulgaria,France,Germany,Switzerland",2024-06-11,5.69,200.0
794,REC-389627,7968,Petit écolier tendre coeur au lait,"LU,Mondelez international",120 g,France,2025-05-10,15.77,120.0
795,REC-291625,9280,Tartines de Pain multi-céréales,Pasquier,240 g,France,2025-01-16,3.97,240.0
797,REC-460105,9017,Chocolat noir 72% cacao,"Marque Repère, Equador",,"France,Réunion",2024-06-08,18.01,
798,REC-111592,12951,Chocolat Noir 95% Togo,Alter Eco,90 g e,"France,Switzerland",2024-09-29,8.08,90.0
799,REC-965114,7928,Maltesers 175g,MALTESERS,175g,"Argelia,Austria,Bélgica,Egipto,Francia,Alemania,Marruecos,Qatar,Suiza,Túnez,Emiratos Árabes Unidos,Reino Unido",2024-11-10,3.1,175.0
800,REC-143795,12084,Sweet & Salty Popcorn,Propercorn,30 g,"France, Switzerland, United Kingdom, en:belgium",2024-10-22,7.0,30.0
801,REC-327611,14977,Caprice,Papadopoulos,115g,"Bulgaria, France, French Guiana, Greece, Guadeloupe, Romania, en:italy",2025-02-06,20.17,115.0
802,REC-663235,14945,Horno Al punto de sal,"Lay's,PepsiCo",150 g,"Italia,Portugal,España",2025-07-30,21.66,150.0
803,REC-216026,13503,Snack Pipas,Anitin,166 g,Espanha,2025-05-15,19.74,166.0
804,REC-755317,12628,Sour Cream & Onion Potato Chips,Popchips,85g,en:gb,2024-10-25,12.84,85.0
805,REC-981342,9462,8 Crêpes Chocolat,Whaou,8 crêpes🥞,France,2024-06-05,2.36,8.0
806,REC-710952,10977,Savoury Crackers,Savour Bakes,200 g,en:gb,2024-02-22,21.86,200.0
807,REC-507409,5862,Major,SAÏDA,,Morocco,2025-03-18,15.89,
808,REC-977027,11506,Clorets,Clorets,,Morocco,2025-11-07,4.26,
809,REC-645017,5017,Ready Salted Grab Bag Crisps,Walkers,45 g,United Kingdom,2024-09-20,12.01,45.0
810,REC-651702,8050,Digestive,Unknown,400 g,"Croatia, Italy, Romania, Slovenia, en:france",2024-10-10,7.31,400.0
811,REC-534429,13627,Erdnüsse geröstet & gesalzen,Ültje,180g,"Österreich,Deutschland",2026-01-20,8.42,180.0
812,REC-247463,5655,Choco Tom gaufrettes,Tom,100 g,Tunisia,2025-10-17,2.12,100.0
813,REC-789412,11990,Sablés beurré nantais,"LU, Mondelez International",130 g,"France,Allemagne,Suisse",2025-11-24,16.52,130.0
814,REC-999404,14703,Grany Fraise 🍓 & Framboise,Lu,108 g,Francia,2025-10-22,11.64,108.0
815,REC-130511,6344,Laus nature,"Lay's, Lays, PepsiCo",,France,2025-02-09,7.02,
816,REC-917059,12881,3D's Bugles goût nature,"3D's Bugles, BENENUTS, LAYS, Lay's",85 g,France,2025-02-14,5.19,85.0
817,REC-183053,6705,"Gerblé - Choco Hazelnut Filled Cake, 200g (7.1oz)",Gerblé,200 g,Francia,2025-09-03,8.48,200.0
818,REC-511759,7039,Galette Épeautre Son d'Avoine,Bjorg,,"France,French Guiana,Morocco,Switzerland",2025-05-07,14.72,
819,REC-974820,9615,Pain d'Épices au Miel,Brossard,350 g,"en:france, en:Suiza",2024-08-30,15.66,350.0
820,REC-624871,13121,barbeque flavour popped potato snacks,popchips,85 g,"France, United Kingdom",2025-05-21,23.22,85.0
821,REC-161412,6432,Original Oreo,Oreo,352g,"Belgium, Canada, Denmark, Finland, France, Germany, Mauritius, Morocco, Réunion, Spain, Switzerland, en:latvia",2025-10-24,5.2,352.0
822,REC-507617,10369,Takis Fuego 90g,Unknown,90g,"en:morocco, en:spain, en:france",2025-12-05,17.94,90.0
823,REC-583819,12795,Cacahuètes grillées sans sel ajouté.,Carrefour,200 g,"Belgique,France,Italie,Pologne,Roumanie,Espagne",2025-04-01,18.06,200.0
824,REC-386157,7846,Le Petit Beurre,LU,167 g,en:gb,2025-01-18,11.23,167.0
825,REC-814427,14101,Pringles Salt & Vinegar,Pringles,185g,"Germany,United Kingdom",2024-08-16,12.39,185.0
826,REC-816700,9477,Jelly Snakes,THE NATURAL CONFECTIONERY CO.,130g,"Switzerland,United Kingdom",2025-02-08,10.41,130.0
827,REC-837125,9228,Madeleine,Bonne Maman,175 g,"France,Royaume-Uni",2025-10-15,5.7,175.0
828,REC-185893,7422,POULAIN NOIR EXTRA 200G,Poulain,200 g,France,2024-02-09,6.39,200.0
829,REC-475215,14944,Snack a Jacks Caramel Rice Cakes,Snack-A-Jacks,159 g,"France, en:united-kingdom",2024-06-15,20.09,159.0
830,REC-527082,10476,Jacobs Savours Salt And Black Pepper Bakes,Jacobs,200 g,"France, en:united-kingdom",2025-04-01,4.02,200.0
831,REC-943230,8023,Dark Chocolate 85% Cocoa,Unknown,80 g,Romania,2025-11-19,21.91,80.0
832,REC-887106,13893,Gran cereale croccante con riso,Gran cereale,230 g.,"Francia,Italia",2025-03-05,16.76,230.0
833,REC-475078,5189,Chocolate 85% Cacao 0% Azúcares Añadidos,Valor,100 g,"Bolivia,Chile,Colombia,Ecuador,Marruecos,Rumania,España",2025-08-05,22.9,100.0
834,REC-240162,8735,Mini cracker!,Gullón,350 g,"Francia,Spagna,Italia, en:morocco",2025-05-30,1.39,350.0
835,REC-779048,13269,Biscuits à l'orange Orange et au graines de Chia,"Gerblé, Gerblé Bio",132 g,"France,La Réunion",2024-06-15,8.76,132.0
836,REC-375336,10650,Cashews roasted & salted,Alesto,150 g,"Bulgaria,France,Hungary,Romania,Spain,United Kingdom",2025-09-29,11.44,150.0
837,REC-709387,10421,"Gerblé - Organic Muesli Fig Apricot Spelt Cookie, 132g (4.7oz)",Gerblé Bio,132g,France,2024-06-16,23.14,132.0
838,REC-407316,7196,Tartines croquantes,"Aldi, Simplement Bon et Bio",200 g,France,2025-01-31,5.85,200.0
839,REC-858767,8973,Petits chocos 🍫,Bonne Maman,,France,2025-01-12,16.01,
840,REC-598404,12274,Barre granola goût chocolat et enrobage crème de cacao,Vitalia,,France,2024-05-21,11.86,
841,REC-989289,6898,Chocolat au lait du Pays Alpin,"Kraft Foods, Milka",200 g,France,2026-01-24,7.18,200.0
842,REC-846558,9606,Tablette de chocolat noir 100g,"U, U Bio",100 g,France,2024-02-12,10.22,100.0
844,REC-291860,12564,Tartines craquantes Multicéréales,"JARDIN BIO ETIC, Jardin bio",150 g,France,2024-11-27,4.98,150.0
845,REC-647168,6886,Chilli Heatwave Tortilla Chips,Doritos,180 g,"France,United Kingdom",2024-10-21,24.41,180.0
846,REC-804584,11991,Dunkle Schweizer Schokolade mit Chili-Extrakt,Lindt Excellence,100 g,"Australia,Dinamarca,Francia,Nueva Zelanda,España,Suiza,Reino Unido",2025-09-07,16.62,100.0
847,REC-280797,7748,Sasanki,"Lidl,Roland,Sondey,Trium",210g,"Bulgaria,Czech Republic,France,Poland",2024-04-04,18.05,210.0
848,REC-218429,11026,Black Pepper Savoury Crackers,"Aldi, Specially Selected",185g,"United Kingdom, Germany",2024-06-07,7.58,185.0
849,REC-820572,14990,Lightly sea salted,Sainsbury's,150g,United Kingdom,2024-08-25,17.96,150.0
850,REC-479422,11567,Honey Roast Crunch,Graze,100g,United Kingdom,2025-11-24,8.65,100.0
851,REC-966925,9174,Salt & Vinegar flavoured rice cakes,Tesco,130 g,"Ireland,United Kingdom,en:united-kingdom",2025-03-03,12.08,130.0
852,REC-318299,12291,Barbecue Lentil Chips,Proper Chips,70 g,United Kingdom,2025-06-01,21.31,70.0
853,REC-934772,8086,Lays,Lay's,250 g,France,2024-09-08,7.39,250.0
855,REC-505061,12134,Milk Hazelnut,Lindt,150 g,"France,Maroc",2024-02-19,16.52,150.0
856,REC-201449,13246,Sablés bio chocolat noir intense,Céréal Bio,132g,"Belgium,France,Spain,Switzerland",2025-02-17,17.84,132.0
857,REC-752813,11929,Petits Muffins Chocolat,Unknown,235 g,"France,Germany,Switzerland",2025-01-06,15.91,235.0
858,REC-664382,13394,Biscuits Farine de Blé et Graines de Sésame,Bjorg,184 g,France,2025-06-16,13.02,184.0
859,REC-947013,12219,20 madeleines longues aux œufs frais,Le Ster,,"Canada,France,Allemagne",2024-02-18,11.17,
860,REC-909742,10084,La Gâche Tranchée,La Fournée dorée,,France,2024-07-17,3.19,
861,REC-507539,12871,Cioccolato Nocciole intere,RITTER SPORT,100 g,"Austria, Belgium, Czech Republic, Denmark, France, Germany, Ireland, Italy, Philippines, Switzerland, United Kingdom, en:netherlands",2025-10-26,17.07,100.0
862,REC-122982,8212,Crunchy Canadian Maple Syrup,Nature Valley,210 gram,"France, Germany, United Kingdom, en:ireland",2025-04-09,3.2,210.0
863,REC-323880,14871,raw fruit & nut bar,Nākd,35 g,"Bélgica,República Checa,Francia,España,Suiza",2024-09-30,6.69,35.0
864,REC-406158,6244,Rosemary & sea salt Flatbreads,Nairn's,150 g,"France, en:united-kingdom",2025-03-04,4.66,150.0
865,REC-224476,8349,Dolca chocolate negro,"Dolca,Nestlé",,"Argelia,Francia,Marruecos,España",2024-02-06,15.41,
866,REC-720973,10030,Sea Salted popcorn,Unknown,10g,United Kingdom,2024-02-28,22.88,10.0
867,REC-336820,9595,Lightly salted tortilla chips,Aldi,200 g,United Kingdom,2025-10-11,19.85,200.0
868,REC-138780,9275,Biscuits caramel épeautre,Gerblé,132g,France,2024-04-14,16.56,132.0
870,REC-187419,7747,Donut milky,Unknown,,en:ma,2024-04-15,2.35,
871,REC-647081,13501,Chips saveur beurre salé,Brets,125 g,France,2024-04-02,13.18,125.0
872,REC-536166,7911,Almond Butter + Puffed Quinoa Dark Chocolate,Hu,60 g,United Kingdom,2025-07-12,20.55,60.0
873,REC-676722,5228,Rice and Corn Cakes,Snack a Jacks,117g,en:United Kingdom,2024-08-21,22.84,117.0
874,REC-312311,11108,Caramelised Onion & Balsamic Vinegar Pea & Bean Sticks,Off The Eaten Path,,en:gb,2025-07-17,22.74,
875,REC-939425,9066,Sticky Toffee Oat Boosts,Unknown,,United Kingdom,2025-12-13,11.4,
876,REC-180800,13602,Soft Bakes Blueberry,"Belvita,Mondelez",250g,United Kingdom,2024-04-17,10.74,250.0
878,REC-790409,14117,MADELEINES CHOCOLAT LAIT,Bonne Maman,300 g,France,2025-10-01,10.62,300.0
879,REC-258740,10660,"Bonne Maman - Le petit Quatre-Quarts pur beurre, 300g (10 sachets fraîcheur)",Bonne Maman,300 g,"France,en:france",2024-08-23,10.42,300.0
880,REC-586138,10754,Monster Munch - Produit soufflé à base de pomme de terre goût salé,Unknown,135 g ℮,Frankrijk,2025-09-23,1.17,135.0
881,REC-948010,6414,Chips Paysanne,Brets,250 g,en:france,2025-04-01,13.8,250.0
882,REC-656624,14296,La madeleine coque chocolat noir,Maison Colibri,240 g,France,2025-08-21,15.95,240.0
883,REC-627465,9319,Bio Vollmilch-Schokolade,Fairglobe,100 g,"France, Germany, Spain, en:romania",2024-06-17,12.02,100.0
884,REC-862824,6149,Tunnocks Teacakes 6pk al anhar,Tunnock’s,144g,"Australia, France, Spain, en:united-kingdom",2025-01-17,1.13,144.0
885,REC-621553,11127,Gaufres de Liège perles de sucre,Lotus,45 g e,"Belgique,France",2024-09-07,1.33,45.0
886,REC-640030,5943,Pufuleti,Gusto,45g,"Germany, Hungary, Romania, Spain, fr:francia, en:united-kingdom",2024-11-17,20.31,45.0
887,REC-363709,11230,La Buena María Original,"Fontaneda,Mondelez",,"Francia,España",2024-05-13,24.82,
888,REC-693182,6983,Barritas de trigo y arroz integral con chocolate con leche,Hacendado,100g,Spain,2024-08-16,11.19,100.0
890,REC-668123,7387,Protein Bar,Unknown,45g,"Germany,Bulgaria",2024-07-25,23.71,45.0
891,REC-814899,5229,LOTUS BISCOFF Speculoos Original Pocket - 186g (12x2p),Lotus,186 g,France,2025-12-18,24.84,186.0
892,REC-847049,7866,Petites madeleines aux œufs saint Michel,St Michel,400 g,France,2024-04-21,24.09,400.0
893,REC-863361,9411,"Hazelnut, Caramelised Cashew & Pistachio Milk Chocolate",Waitrose,100g,United Kingdom,2025-04-02,4.56,100.0
894,REC-990571,11012,Biscotti Pan di Stelle,"Barilla, Mulino Bianco",350,"France,Italie,Espagne",2024-05-22,20.33,350.0
895,REC-246458,6775,Root Vegetables,Tesco,125g,en:gb,2024-06-13,22.54,125.0
896,REC-867763,5945,Cheese Twists,M&S Food,125g,United Kingdom,2024-03-15,8.22,125.0
897,REC-727112,13324,Quadro l'original,Cémoi,187g,France,2025-03-15,15.49,187.0
898,REC-579136,13571,Takis Fuego,"Barcel, Takis",100g,"Bosnia and Herzegovina, France, Germany, Romania, en:belgium",2024-02-28,10.44,100.0
899,REC-822917,6265,original made with sea salt,triscuit,8.5oz,"France,United States, World",2024-04-14,1.34,8.5
900,REC-475261,7445,Roasted Cashew-Peanut-Mix Honey & Salt,"Alesto, Lidl",200g,"Germany,United States",2024-02-27,22.85,200.0
901,REC-923721,6741,Scottish Rough Oatcakes,Rivercote,250 g,"France,United Kingdom,en:united-kingdom",2025-05-31,13.55,250.0
902,REC-760379,10111,Menier Pâtissier Tablette,"Nestlé, Menier",200 g,France,2025-04-03,16.25,200.0
903,REC-437902,5350,"Gerblé - Sesame Chocolate Cookie, 200g (7.1oz)",Gerblé,,"Francia,Martinica",2024-06-19,7.7,
905,REC-271147,5701,Formule boost,Daco Bello,200 g,France,2025-09-11,21.41,200.0
906,REC-213317,7388,WALKERS  SALTED,Walkers,32.5g,United Kingdom,2025-09-11,15.18,32.5
908,REC-266689,8992,Conikos fromage,Conikos,35 g,Maroc,2025-01-30,11.5,35.0
909,REC-239220,9396,Pan Goccioli,"Barilla, Mulino Bianco",8 x 42g,"Italy,Switzerland",2024-07-07,1.52,8.0
910,REC-391103,8565,Sour Cream & Chive Flavour Wheat & Potato Pretzel Knots,Penn State Snacks,7,"France, en:united-kingdom",2025-03-26,13.56,7.0
911,REC-653026,12527,Organic cacao nibs,Unknown,125g,en:gb,2024-12-11,3.48,125.0
912,REC-846891,11252,Fluffy Milky,best biscuits,1 et 40 g,en:Morocco,2025-06-06,15.86,1.0
913,REC-522970,8207,Gullon zero Snack Choco,Gullón,150g,"Spain, en:morocco",2024-05-26,10.83,150.0
914,REC-443022,5469,Browny,Be,40g,Morocco,2025-01-29,21.49,40.0
915,REC-810406,7157,Mikado chocolat au lait,"Glico, LUMondelez, Mikado",90 g,"en:france, en:switzerland, en:Belgique, en:spain",2025-08-09,17.87,90.0
916,REC-905909,11926,"BN - Cookies - Mini Strawberry x 5, 175g (6.2oz)",BN,175g,"Belgium, France, Switzerland, en:morocco",2025-08-05,20.86,175.0
917,REC-658364,7955,Pain d'épices miel,Bjorg,300 g,"France, en:morocco",2025-02-26,1.53,300.0
919,REC-448844,7037,Chocolat noir aux écorces d'orange,Alter Eco,100 g,France,2024-03-24,2.11,100.0
920,REC-239562,14930,Doritos Cool Original 180g,Doritos,180g,"France,United Kingdom",2024-05-17,1.03,180.0
921,REC-556341,5432,chocolat NESTLE DESSERT Noir 2X205g,"Nestlé dessert, Tablettes",410 g,"Canada,France,Allemagne",2024-04-11,14.48,410.0
923,REC-418377,11371,Caramelo,"Milka,Mondelez",100 g,"Bélgica,Francia,Italia,Marruecos,Países Bajos,Portugal,España",2024-07-06,11.91,100.0
924,REC-681037,8263,Tablette Kinder Chocolat Chocolat au Lait x16 -200g,"Kinder, Mixte",200 g (16 barres),"France,Spain",2025-08-07,1.68,200.0
925,REC-222981,6449,Più integrali,Galbusera,330 g (6 x 55 g),"en:italy, en:france",2025-10-08,3.51,330.0
926,REC-897575,12965,Raw Fruit & Nut Bar,Unknown,35 g,"France, en:united-kingdom",2024-11-07,8.37,35.0
927,REC-924883,12563,Pancakes,la fournée dorée,350g,France,2024-11-28,24.52,350.0
928,REC-940891,5742,Brioche Chocolat,Unknown,"8 x 37,5g",en:fr,2025-03-31,8.29,8.0
929,REC-193508,8575,Quality Street,Nestlé,600gm,"Belgium, France, United Kingdom, en:morocco",2024-08-15,7.05,600.0
930,REC-823819,6801,Peanut butter bars,Graze,4 x 30g,en:gb,2025-06-28,3.02,4.0
931,REC-800802,10117,50G RICOLA FRAMBOISE MELISSE,Ricola,50 g,France,2025-01-14,13.19,50.0
932,REC-688703,11492,Veggie Straws,Eat Real,,en:United Kingdom,2025-02-14,24.12,
933,REC-278812,10649,Sablé des FLANDRES,Unknown,250 g e,"France,Suisse",2024-05-31,12.85,250.0
934,REC-315062,9986,Kango,"Kango, LU",225 g,France,2024-05-29,17.55,225.0
935,REC-593546,8506,Belvita petit déjeuner,"Belvita, LU, Mondelez",600 g e,France,2025-08-25,22.48,600.0
938,REC-724394,11126,Mejora,mejora,ok,en:morocco,2024-06-04,20.71,
939,REC-236920,6739,Flan pâtissier,alsa,,France,2024-03-22,17.35,
940,REC-673732,14940,Granola Bar Vanilla & White Cream,VITALIA,3 x 23 g,"Netherlands, en:france",2024-02-07,17.9,3.0
941,REC-801989,11261,Sablés sésame & pavot,Cereal bio,"132 g, 3 sachets de 4 biscuits","France,Switzerland",2025-09-18,24.7,132.0
942,REC-809953,7355,Sablés Myrtilles Germes de riz,Unknown,140 g,"France,Suisse,en:france",2025-05-18,24.79,140.0
943,REC-699892,8149,Financiers amandes,Bonne Maman,250 g,France,2025-10-31,11.43,250.0
944,REC-127088,12111,Toetilla Chips Nature,Carrefour,200 g,"Belgium,France,Morocco, Italie, Espagne, Pologne, Roumanie",2024-12-04,1.48,200.0
947,REC-741840,9867,Chocolate negro,Nestlé,,"Francia,Marruecos,España",2025-01-06,1.06,
948,REC-276146,5884,Oreo Enrobed White imp,"Charbonnel et Walker, GINBIS, Mondelez, Oreo, Oreo - Mondelēz International",245g,"Belgique,France,Allemagne,Italie,Maroc,Royaume-Uni",2024-07-25,1.66,245.0
949,REC-210526,10329,CHOCOLATE SALTED CARAMEL FLAVOUR VITAMIN & PROTEIN BAR,FULFIL,55g,"France, Spain, United Kingdom, en:belgium",2025-11-23,22.22,55.0
950,REC-975885,12924,Essential waitrose wholewheat biscuits,Waitrose,24,"Francia,Reino Unido",2024-08-31,1.78,24.0
951,REC-604853,8195,Harrys brioche tranchee farine complete sans additif 485g,Harrys,485 g,France,2025-09-09,3.86,485.0
952,REC-458423,13185,Barres céréales FRAISE,"Carrefour BIO, Carrefour",,"en:belgium,fr:France, Italie, Espagne",2025-02-22,16.94,
953,REC-891146,6734,Protein Bar,KIND,3 x 42g (126g),en:gb,2024-08-04,18.82,3.0
954,REC-377795,13099,Sweet Chilli & Sour Cream Potato Chips,Kettle,,"France, en:united-kingdom",2025-12-02,5.56,
955,REC-893530,10022,Biscotti allo yogurt Dolcesenza,Misura,400 g,Italia,2024-06-18,15.38,400.0
956,REC-240159,14086,Toast crock' céréales complètes,Carrefour,250 g (2 x 125 g),"France,Italy,Poland,Romania,Spain",2025-12-14,13.25,250.0
957,REC-930563,11291,Crunchy Oats & Honey,Nature Valley,42 g,"France,Switzerland,United Kingdom",2025-10-18,9.78,42.0
958,REC-171365,12672,Avoine citron 🍋 graines de chia,Bjorg,130 g,France,2024-11-01,22.53,130.0
959,REC-294340,6040,70% équateur,Alter Eco,100 g,France,2025-07-26,5.52,100.0
960,REC-635882,13864,Pipers Anglesey sea salt crisps,"Pipers,PepsiCo",,"France,United Kingdom",2025-12-25,1.29,
961,REC-287802,8079,Almond And apricot with a yoghurt coating fruit and nut bar,Eat natural,50 g,"France,United Kingdom",2024-02-17,10.53,50.0
962,REC-315140,12112,Dégustation - Chocolat Noir 72% Cacao,"Maestro,Saïda",100 g,"France,Tunisie",2025-05-30,24.22,100.0
963,REC-717281,5148,Les Grandes 34% Hazelnut Dark,Lindt,150 gr,Reino Unido,2026-01-30,21.03,150.0
964,REC-312621,11778,Salinis,Unknown,60 g,"France, Germany, Hungary, Luxembourg, United Kingdom, en:italy",2025-08-19,15.6,60.0
965,REC-386763,6306,Galletas cereales & fibra,Unknown,,España,2025-01-03,1.99,
966,REC-794150,8234,Organic wholemeal digestive biscuits,Doves farm,,"France, en:united-kingdom",2025-02-15,1.92,
967,REC-417513,6916,Chocolat noir,SCHOLETTA,100 g,France,2024-09-13,11.35,100.0
969,REC-587672,14698,Digestive 0%,Hacendado,,"Portugal,España",2024-09-07,22.6,
970,REC-999230,8901,Fluffy,Be,40,Maroc,2024-07-31,23.49,40.0
971,REC-722294,11572,tortilla chips,Unknown,,Royaume-Uni,2025-05-24,7.98,
972,REC-301994,10649,Silvia Duo Cacao,Excelo,26g,en:ma,2025-11-04,24.31,26.0
974,REC-417972,14035,Biscuits avoine chocolat,"Carrefour BIO,Carrefour","130 g (3 x 43,3 g)","France,Italie,Espagne",2025-04-13,21.72,130.0
975,REC-378786,7970,Panettone Classico,Favorina,1 kg,Spagna,2025-01-30,8.6,1.0
976,REC-299437,12690,Snack mix,Alesto,200 g,"Frankrijk,Duitsland",2024-08-05,16.44,200.0
977,REC-678303,8659,Madeleines coquilles,Sondey,,France,2024-11-13,18.08,
978,REC-520068,13562,Pitch,Brioche Pasquier,310 g,"France,Suisse",2024-04-25,2.78,310.0
979,REC-125492,5559,"Ker Cadélac - Marble Cake, 500g (17.6oz)",Ker Cadélac,500 g e,Francia,2024-10-05,18.41,500.0
980,REC-451824,12389,Petit beurre tablette Chocolat noir,"Carrefour BIO, Carrefour",,"Belgique,France,Polynésie française,Guadeloupe,Italie,Pologne,Roumanie,Espagne,en:france",2024-05-08,14.9,
982,REC-366550,8646,Bourbon Creams,Tesco,296 g,"France,Germany,United Kingdom,Ireland",2024-02-28,20.0,296.0
983,REC-706943,5083,Prince goût chocolat,"LU, Mondelez, Prince",,"Belgique,France,Guadeloupe,Luxembourg,Martinique,Suisse",2026-01-03,24.01,
984,REC-762832,8104,Flutes aux 3 graines,Kambly,125 g,France,2025-05-27,7.12,125.0
985,REC-622589,12242,Soft Bakes Choc Chip,Belvita,5x,"France, United Kingdom, en:ireland",2024-12-22,21.46,5.0
987,REC-885570,12609,Thins - Multiseed Flatbreads,Aldi,,en:gb,2024-07-20,18.92,
988,REC-258088,8957,Avena con chocolate negro - sin azúcares añadidos,Gullón,275g,"Marruecos,España",2025-12-20,2.47,275.0
989,REC-934446,12062,Naked Oven Chips,McCain,1.7kg,en:gb,2025-01-06,8.64,1.7
990,REC-361222,9873,Cream Crackers,Savour Bakes,300g,"Ireland, en:united-kingdom",2024-07-07,13.95,300.0
991,REC-169485,12726,Prinzenrolle,DeBeukelaer,400 g,"Germany, en:austria",2025-12-15,22.36,400.0
992,REC-894538,13105,Monster Munch crazy original,Vico,,en:fr,2024-10-17,7.69,
993,REC-276003,7364,Walkers baked,Walkers,22g,United Kingdom,2024-02-09,13.95,22.0
995,REC-234480,12437,Twix 5x2,"Twix, Mars",250 g,"Germany, Switzerland, en:france",2025-11-20,21.89,250.0
996,REC-824768,11612,Jaffa Cakes,Tower Gate,300 g,"Finlândia,França,Alemanha,República da Irlanda,Estados Unidos",2025-10-01,10.85,300.0
997,REC-982478,13664,Tortitas de Maíz,Unknown,130g,"Alemanha,Portugal,Espanha",2024-02-08,2.56,130.0
999,REC-361595,6362,Gerble - Miel Châtaigne graines de lin,Gerblé,200g,"France,Polynésie française,États-Unis",2024-12-16,21.36,200.0
1001,REC-554247,14658,Doonuts,St Michel,180 g,France,2024-03-18,1.71,180.0
1002,REC-995018,11143,Pitch choco x 8,"Brioche Pasquier, Pasquier",310 g,"France,en:france",2025-11-01,17.93,310.0
1003,REC-998260,10343,Vico Extra Craquantes,Vico,400,France,2025-04-15,10.21,400.0
1004,REC-318319,10320,90% cacao noir,Carrefour,80 g,"France, Italy, Morocco, Spain, fr:Francia, en:romania",2024-11-24,3.51,80.0
1005,REC-292889,5832,Brioch'Burger,La Fournée dorée,,France,2025-04-26,12.74,
1006,REC-874806,10855,Biscuits craquants saveur citron,"Karelea, Léa nature",132 g,France,2025-06-25,5.9,132.0
1008,REC-375627,11993,Crunchy Nut & Almond,Santé,35g,"France, en:morocco",2024-09-03,6.96,35.0
1012,REC-482706,7384,Dinosaurus,"Artiach,Mondelez",411 g,"en:spain, en:france",2025-02-08,6.81,411.0
1013,REC-863530,5153,Cuore di cereale. Biscotti di avena con frutti rossi,Gullón,220g,"France, Italy, Spain, en:morocco",2025-01-18,5.86,220.0
1014,REC-675627,6583,CereAlé,Kinder,204 g,"Austria,France,Germany,Italy",2024-02-12,24.49,204.0
1015,REC-371590,6005,Wheat Biscuits,Stockwell,432g,"Germany,Ireland,United Kingdom",2024-04-18,16.03,432.0
1017,REC-373063,14641,Karéléa épautre noisette,"Karéléa, Léa Nature",150 g,France,2025-03-20,10.43,150.0
1018,REC-236208,7948,"Gerble - Organic Chocolate Cookie Flavored w/ Banana, 132g (4.7oz)","Gerblé, Gerblé Bio",132g,Francia,2025-05-23,9.19,132.0
1019,REC-823306,11300,Barres Céréales Graines et Amandes,"Carrefour BIO, Carrefour",100 g (4 x 25 g),"France, Italie, Espagne",2026-02-02,10.23,100.0
1020,REC-818969,6072,Ricola Eucalyptus,Ricola,50 g,France,2024-03-16,22.28,50.0
1021,REC-202116,5612,Texas BBQ Sauce,Unknown,185g,"Germany, en:united-kingdom",2024-09-12,17.22,185.0
1023,REC-520296,6583,Chips saveur Tartiflette,Brets,125g,"Francuska,Hrvatska",2024-05-23,12.78,125.0
1024,REC-924073,13332,Chips de Lentilles Saveur Paprika,Vico,85 g,France,2025-04-07,15.36,85.0
1025,REC-162168,9602,Barritas de cereales mango,Hacendado,120 g (6 x 20 g),"Portugal,España",2024-10-29,8.8,120.0
1026,REC-796251,9769,"Coleslaw, choux blanc et carottes",Saladinettes,500 g,France,2025-09-05,11.96,500.0
1028,REC-398825,6640,Chipster,Belin,150 g,France,2025-12-14,6.66,150.0
1029,REC-257543,9713,Cioccolato al latte,"LU,Mikado,Mondelez",75g,"Bélgica,Francia,Italia,España,Reino Unido,Estados Unidos",2026-02-04,18.9,75.0
1030,REC-404143,6276,MINI BN Chocolat,BN,350 g,France,2025-12-06,16.19,350.0
1031,REC-880410,12969,Chocolat noir sans sucres ajoutés,Gerblé,80 g,"France, en:switzerland",2025-09-22,6.79,80.0
1032,REC-244513,10125,"Bonne Maman - Petits Cakes Fruits, 300g (10.6oz)",Bonne Maman,300 g,Francia,2025-08-09,2.34,300.0
1033,REC-534272,14149,Le Biscuit De Natty,Bjorg,150 g,France,2024-11-28,1.53,150.0
1034,REC-499128,7512,Tartines craquantes au sarrasin,Terres et céréales Bio,"150 g, 2 sachets fraîcheur de 75 g",France,2025-10-28,4.14,150.0
1035,REC-719451,11908,Tartines craquantes quinoa pois chiche,Jardin bio,150 g,France,2026-01-17,15.17,150.0
1036,REC-109240,7141,Chips nature à l'Ancienne au sel de Guérande,Bret's,,France,2025-12-10,19.16,
1037,REC-678730,12261,Bruschette sour cream,Unknown,70 г,"Bulgaria, France, Serbia, Spain, en:morocco",2024-10-08,12.13,70.0
1038,REC-938124,8643,Lorenz Saltletts Sticks,"Lorenz, Lorenz / Netto",250g,Deutschland,2025-09-04,19.75,250.0
1039,REC-594455,10059,Digestives,McVities,266 g,"France,en:united-kingdom",2025-09-12,11.03,266.0
1040,REC-411539,13726,Choco Biscuits,Milka,150 g,"Francia,Marruecos,España",2024-12-10,5.81,150.0
1041,REC-704843,13136,Tortilla chips,"General Mills, Old El Paso",185g,"en:france, en:germany, en:greece, en:spain, en:Suiza",2024-10-17,1.96,185.0
1042,REC-974469,6641,Più integrali Ricchi di Fibre Segale,Unknown,380 g,"France,Italy",2025-04-25,7.91,380.0
1043,REC-748474,6653,Ambassadeur noir précieux 70% cacao,Bimo,100 g,Algeria,2024-08-12,15.86,100.0
1044,REC-974451,10818,all butter scottish shortbread fingers,Lidl,,France,2025-02-13,12.13,
1045,REC-368339,10762,Dark Chocolate Almond Sea Salt 51%,Tony's Chocolonely,180 g,United Kingdom,2025-02-19,10.18,180.0
1046,REC-806968,11810,Grahams,Honey Maid,14.4 oz (408g),United States,2025-07-18,13.47,14.4
1047,REC-918691,12901,Lentil bites sea salt,Lidl,110 g,"Ireland,United Kingdom",2025-02-18,16.6,110.0
1048,REC-163736,8081,Belgian dark chocolate,Waitrose,180g,United Kingdom,2025-07-07,22.04,180.0
1049,REC-339680,7068,Sandwichs Choc,excelo,65 g,en:Morocco,2025-03-13,7.48,65.0
1050,REC-435803,11185,Sweet chilli crunch,Graze,,en:gb,2024-11-25,23.32,
1051,REC-646898,7408,peri peri crunch,graze,100,en:United Kingdom,2024-06-04,11.7,100.0
1052,REC-322233,13679,MINI BROWNIES lidl,Unknown,240 g,"Belgique,France,Italie",2024-10-03,15.22,240.0
1053,REC-102437,10166,"BRUN - 14 Wafers Vanilla Flavor, 146g (5.2oz)",Brun,146 g,"Frankrijk,Zwitserland",2024-04-19,24.75,146.0
1054,REC-307627,11068,La Paille d'Or aux fraises,"LU, Mondelez",170 g e,France,2025-06-30,18.81,170.0
1055,REC-448265,5976,Lindor noir,Lindt,150 g,France,2025-10-05,1.04,150.0
1056,REC-934286,11520,"Tagada, L'originale",Haribo,400 g,France,2025-01-15,8.75,400.0
1057,REC-580193,8343,Le Palmier,Saint Michel,87 g,"France,Suisse",2026-01-17,11.11,87.0
1058,REC-421704,13247,La classique nature,"Intersnack France, Vico",135 g,"France,Suisse",2025-08-05,2.29,135.0
1059,REC-389360,5515,Clotted Cream Shortbread Fingers,Paterson's,300 g e / 16 Oz,"France, en:united-kingdom",2025-05-15,10.43,300.0
1060,REC-256058,13471,Tuc original - Biscuits salé,"LU,Mondelez International",75 g e,"Belgique,France,Guadeloupe,Italie",2025-08-21,22.82,75.0
1062,REC-485226,8073,King Kotes - Corn Fried Barbecue flavoured,Sol de Alba,14g,"Marruecos,España",2024-12-25,13.69,14.0
1063,REC-278659,8708,Salted Popcorn,Tesco,85 g,United Kingdom,2024-08-13,21.14,85.0
1064,REC-813831,7179,Chocolat noir et caramel Côte d'ivoire 78%,Ethiquable,100 g,France,2024-04-25,5.51,100.0
1065,REC-639958,9601,Scottish Shortbread Fingers,Asda,,en:gb,2025-01-22,11.81,
1067,REC-304091,5053,Absolute Black Orange & Cocoa Nibs,Montezuma’s,90g,en:gb,2025-11-25,11.15,90.0
1068,REC-862313,7764,macaroons,Mrs Crimbles,195 g,United Kingdom,2025-09-14,24.61,195.0
1070,REC-308461,8496,ready salted crisps,walkers,,en:United Kingdom,2026-01-26,22.22,
1071,REC-231389,12239,Bounty,Bounty,57g,en:Morocco,2024-05-23,22.26,57.0
1072,REC-843385,12452,Lightly sea salted hand cooked crisps,M&S,150 g,"France,Royaume-Uni",2024-04-23,23.51,150.0
1073,REC-728214,5179,Chouchou,Alesto,250 g,Frankrijk,2025-12-26,21.43,250.0
1074,REC-552340,8869,Grany chocolat🍫 au lait🐄🥛 noisettes🥜,LU,138 g (6 * 23 g),Francia,2024-12-17,9.95,138.0
1075,REC-648686,8507,Sablé de Retz Le Véritable,St Michel,120 g,"Belgique,France,Martinique,La Réunion,Suisse",2024-11-17,9.03,120.0
1076,REC-915625,14356,600G HAPPY BOX HARIBO,Haribo,600 g e,"France,Suisse",2025-02-02,14.02,600.0
1077,REC-599213,12294,Fourrés choc',Le moulin du pivert,,"Belgium,France",2024-10-19,14.12,
1078,REC-877009,5861,Curly cacahuete,"Curly, Intersnack, Vico",60 g,Francia,2024-12-01,3.36,60.0
1079,REC-121908,9141,MARZIPAN DARK CHOCOLATE WITH MARZIPAN,Ritter SPORT,100 g,"Belarus,Bulgaria,Czech Republic,Denmark,France,Germany,Greece,Morocco,Poland,Romania,Russia,Slovakia,Spain,Sweden,United Kingdom,Belgique",2025-03-06,6.46,100.0
1080,REC-314566,6634,Melts Original,Carr's,150g,"France, en:united-kingdom",2024-09-28,13.01,150.0
1081,REC-154093,6817,The Original Speculoos,"Biscoff, Lotus",140 g,"Belgium,France,Sweden",2024-02-16,21.93,140.0
1082,REC-215889,13313,Crackers,Schär,210 g (6 x 35 g),"Bélgica,Bolivia,Francia,Alemania,Italia,México,Países Bajos,Rumania,España",2025-03-25,23.28,210.0
1083,REC-276502,10539,Galletti mb 350g int. eu,"Barilla, Mulino Bianco",350 g,"France, Italy, Serbia, en:bulgaria",2025-07-29,7.72,350.0
1084,REC-772291,11300,Kurkure,Kurkure,78 g,"France,India,Nepal,Spain,Canada",2025-07-14,12.18,78.0
1085,REC-351944,6919,Milk chocolate caramel seasalt,Fin Carré way to go,180 g,"Belgium, France, Germany, Luxembourg, Netherlands, Romania, Sweden, United Kingdom, en:spain",2024-08-31,20.66,180.0
1087,REC-355592,10093,biscotti cereali g granola e frolla,Galbusera,300 g,"Francia,Italia",2024-06-01,7.65,300.0
1088,REC-923645,8181,Frita saveur poulet,Unknown,,en:ma,2025-01-11,11.7,
1089,REC-476368,6916,pop chip bbq,Popchips,5 x 17 g,en:United Kingdom,2026-01-05,13.83,5.0
1090,REC-548590,10699,P'tit nature 5 céréales,BJORG BIO NUTRI +,167 g,en:fr,2024-12-14,24.7,167.0
1091,REC-433464,11076,THINS ROSEMARY & SEA SALT FLATBREADS,Unknown,125g,en:gb,2025-10-25,13.41,125.0
1092,REC-529167,9608,La galette fourrée,Unknown,240 g,en:fr,2024-05-16,22.42,240.0
1093,REC-227982,10663,Black chocolate 72% with almonds,Hacendado,200 g,"Marruecos,España",2024-10-09,12.44,200.0
1094,REC-259461,12650,Brioche tressée nature allegée en sucres sans additifs 450g,Harrys,450 g,France,2024-07-09,13.2,450.0
1095,REC-909459,6466,6111031005491,Unknown,35 g,en:Morocco,2025-02-05,3.86,35.0
1096,REC-626158,6867,Luxury Hot Cross Buns,Unknown,312 g (4 * 78 g),"France,United Kingdom",2025-06-27,1.8,312.0
1097,REC-417209,14402,Cheese Oatcakes,nairn's,180 g,"France, Spain, en:united-kingdom",2025-01-13,11.26,180.0
1098,REC-654925,6311,200G SCOUBIDOU LUTTI,Lutti,,France,2025-02-01,17.33,
1099,REC-325900,8488,Biscuit muesli avoine Gerblé,Unknown,290 g,Francia,2025-12-21,18.55,290.0
1100,REC-107230,7813,Fourrés Myrtilles,Bjorg,175g,France,2025-09-28,20.66,175.0
1101,REC-703564,5128,Chips Nature l’Originale Nutriscore B,Brets,125 g,France,2025-07-25,1.7,125.0
1102,REC-518027,6179,Fine gaufre,"Karelea, Léa nature",140 g,France,2025-11-17,1.97,140.0
1103,REC-951568,10173,Duplo Einzelriegel,"Duplo,Ferrero",18.2g,"Österreich,Deutschland",2025-10-21,22.77,18.2
1105,REC-209292,12095,Hummus chips tomato and basil,Unknown,135 g,"France,Netherlands,Switzerland,United Kingdom",2025-04-07,3.22,135.0
1106,REC-792593,13517,Pringles Hot & Spicy,Pringles,165 g,"Belgium,Germany",2024-05-13,20.31,165.0
1107,REC-228096,14220,Furrows Sea Salted imp,Tyrrell’s,150g,United Kingdom,2025-06-16,4.99,150.0
1108,REC-620416,10629,Toblerone Dark Chocolate with Honey & Almond Nougat,"Mondelez, Toblerone",100 g,"France, Germany, Italy, Morocco, Switzerland, United States, en:romania",2024-06-04,20.66,100.0
1109,REC-325974,8823,Dairymilk buttons,Cadbury,119 g,"Switzerland,United Kingdom,United States",2025-12-23,9.01,119.0
1110,REC-214326,8029,Mignonnette® Noir - Orange,Côte d'Or,240 g e (24 x 10 g),France,2025-03-17,2.8,240.0
1111,REC-905602,10000,Kinder Schokobons White,"Ferrero, Kinder",200 g,"Austria,France,Germany,Spain",2025-02-12,22.44,200.0
1112,REC-959730,13347,Gustosines,"Cheetos,PepsiCo",,"Marruecos,España",2024-04-08,20.57,
1113,REC-280826,6936,Sea Salt & Vinegar Potato Chips,Popchips,,"France, en:united-kingdom",2024-05-12,8.21,
1114,REC-737970,7753,Stem Ginger Oat Biscuit Breaks,Nairn's,160 g,"France,United Kingdom,en:united-kingdom",2024-03-06,20.23,160.0
1115,REC-588226,8550,Mamas Babydream Stillsaft,Rossmann,500 ml,"Germany, en:united-states",2025-02-09,6.41,500.0
1116,REC-492166,6479,NESTLE LION Céréales caramel chocolat BIO 400g,"Nestlé, Lion, Lion bio",400 g,"Belgique,France",2025-01-15,8.15,400.0
1117,REC-577810,7442,Galletas 0% azúcares añadidos,"Sondey,Lidl",6 x 50 g,España,2024-09-03,19.02,6.0
1118,REC-921077,12701,Chocolat Villars Noir 85% 100g,Villars,100 g,France,2026-01-11,13.08,100.0
1119,REC-886569,12680,Sainsbury tortillas,Sainsbury's,,United Kingdom,2026-01-08,6.18,
1120,REC-752416,6411,Pan di Stelle,Mulino Bianco pan di stelle,700 g,en:it,2024-08-24,14.43,700.0
1121,REC-722431,14586,Crimbles Coconut Macarons IMP,Danube,180g,"Verenigd Koninkrijk,Nederland",2025-02-14,8.62,180.0
1123,REC-187840,14362,Cream Crackers,Savour Bakes,300g (approx 38 crackers),en:United Kingdom,2025-10-13,22.37,300.0
1124,REC-842977,9067,Wasa tartine croustillante sensation aux flocons d'avoine & touche de sel 265g,Wasa,265 g,"France,Suède",2025-01-16,17.68,265.0
1126,REC-636807,11828,Cracotte goût choco-noisette,Unknown,,"France,Switzerland",2024-05-23,15.64,
1127,REC-337073,11502,Milka - Riz croustillant,"Milka, Mondelez",,"France, Germany, Morocco, en:italy",2025-12-03,15.93,
1128,REC-607413,6007,Excellence Noir Menthe Intense,Lindt,100 g,France,2024-03-22,14.94,100.0
1129,REC-660334,12862,Création Crème Brûlée,Lindt,150 g,France,2025-11-24,20.24,150.0
1130,REC-541183,5944,Macédoine 1/2,Bonduelle,265 g,"France,en:france, République tchèque",2025-05-02,18.52,265.0
1131,REC-771409,10241,Riz provencal 320g,Bonduelle,320 g,"France, Belgique",2025-05-14,17.8,320.0
1132,REC-488746,14777,Longfizz,Unknown,200 g,"Belgium,France",2024-08-23,21.67,200.0
1133,REC-126607,8019,biscuits a la cuillere,Bonne Maman,250 g,Francia,2024-02-18,2.93,250.0
1134,REC-928442,8112,Carottes râpées Au jus de citron*,Carrefour,300 g,"Belgique,France",2024-07-24,19.01,300.0
1135,REC-249544,5181,Chips A L'ancienne Sel de Guérande Brets,"Altho, brets",125g,France,2025-08-29,11.53,125.0
1136,REC-812174,14956,10 Pains au Lait,La Fournée dorée,350 g (10 x 35 g),France,2024-06-19,2.29,350.0
1137,REC-243111,5772,Hobnobs Milk Chocolate,McVities,262g pack,"France,United Kingdom",2024-11-15,17.92,262.0
1138,REC-845916,5715,caprice,Papadopoulos,400gr,"Bulgaria, France, Greece, en:cyprus",2024-09-15,21.49,400.0
1139,REC-658424,5011,Pâte de cacahuète pindakaas,Calvé,350g,"Belgien, Frankreich, Luxemburg, Rumänien, Germany",2024-08-29,3.2,350.0
1140,REC-417967,12100,Barni lapte,Mondelez,30,"France, Romania, en:bulgaria",2025-02-21,14.82,30.0
1141,REC-744133,13201,Fiori d'acqua,Unknown,250 g,"en:italy, en:france",2024-06-12,17.95,250.0
1142,REC-276523,14324,Mini fish,Gullón,350 g,"France, Spain, en:morocco",2025-12-08,3.52,350.0
1143,REC-354028,14644,Sandwich sabor yogurt,gullón,,"França,Alemanha,Hungria,Portugal,Espanha",2025-12-18,21.14,
1145,REC-566981,13056,Grissini Artigianali Romarin,Florelli,300 g,France,2024-02-08,6.13,300.0
1146,REC-412499,11003,Dark Chocolate,Waitrose & Partners,100g,en:gb,2025-06-30,3.08,100.0
1147,REC-266940,5428,Barre Céréales CHOCOLAT,"Carrefour BIO, Carrefour",138 g (6 x 23 g),"France, Italie, Espagne",2024-12-16,8.6,138.0
1148,REC-327475,11422,Patatas Light,HACENDADO,,"Portugal,España",2025-08-15,10.44,
1150,REC-508874,5374,Texas BBQ - Sauce,Pringles,175 g,"France,Italy",2026-01-26,12.19,175.0
1152,REC-694110,12981,Nature Wrap De Blé,"Snack Day, Grafschafter",6pcs,"Germany, en:france",2025-01-10,19.33,6.0
1153,REC-949485,6585,Tortillas à base de farine de blé,"Grafschafter, Snack Food Poco Loco, el tequito",370g,"Bulgarien,Frankreich,Deutschland",2024-09-30,18.85,370.0
1154,REC-189866,12756,LULU,Lu,150 g (5 x 30 g),France,2025-06-10,10.29,150.0
1155,REC-391046,13826,tartines craquantes riz châtaigne,Céréal Bio,145 g,France,2024-07-28,18.12,145.0
1156,REC-223265,7293,Pains au lait format familial,Brioche Pasquier,700 g  (2 x 350 g),"France,Suisse",2026-01-16,4.69,700.0
1157,REC-416620,12032,Noir amandes entieres,Carrefour,200 g,"France,Italy,Spain",2024-09-12,17.0,200.0
1158,REC-771257,14249,Cacahuètes non salées,"Marque Repère, Tokapi",200 g,"France, en:re",2024-08-08,7.32,200.0
1159,REC-289841,11197,Corny Free Schoko,Corny,20g,"Bulgaria,France,Germany,Italy",2025-03-19,3.77,20.0
1160,REC-828883,13845,Organic Dark Cooking Chocolate,Green & Black's,150 g,"France,Royaume-Uni,États-Unis",2025-09-26,22.15,150.0
1161,REC-710834,11171,Flavour Cheese,"LU, Mondelēz, Tuc",100 g,"Bélgica,Dinamarca,Finlândia,França,Alemanha,Itália,Países Baixos,Portugal,Espanha,Suécia,Suíça",2024-07-21,15.95,100.0
1162,REC-791945,5082,Galleta María,Unknown,400 g,"Francia,México,España",2024-08-13,15.52,400.0
1163,REC-698605,7190,Ferrero Rocher,Ferrero,37.5 g,"Australia,Marruecos,Nueva Zelanda,España,Emiratos Árabes Unidos,Reino Unido",2025-06-25,3.32,37.5
1164,REC-283472,8857,Belgian Dark Chocolate,Kallø,,en:GB,2025-03-15,4.56,
1165,REC-366226,6647,Digestives,Hatherwood,,Bulgaria,2025-09-06,2.31,
1166,REC-739496,10470,Knoppers Nussriegel Einzelpackung,Knoppers,40 g,"Allemagne,Maroc,Pologne,Roumanie,Suisse",2025-01-15,1.67,40.0
1167,REC-618029,10811,Happy Hippy 74% Cocoa Organic Orange & Geranium Dark Chocolate,Montezuma's,90g,United Kingdom,2024-09-19,13.83,90.0
1168,REC-121202,7322,Digestive Avena,"Lidl,Sondey",425 g,"Portugal,Spain",2024-07-01,7.67,425.0
1169,REC-174773,8786,Hobnobs,McVitie's,255g,"United Kingdom,France",2024-02-26,17.72,255.0
1170,REC-654434,12872,Salt & Vinegar (crunch),Graze,100g,gb,2025-08-25,9.98,100.0
1171,REC-459220,12098,Choco Leibniz - Dark,Bahlsen,111g,en:united-kingdom,2024-11-27,23.67,111.0
1172,REC-935294,5437,fun,Be biscuits,,en:Morocco,2025-02-27,16.18,
1174,REC-324715,6468,Galettes de Pont-Aven,Saveurs de nos Régions,135 g (4 * 33.75 g),Frankrijk,2024-07-10,15.05,135.0
1175,REC-645058,13246,Envitas miel & pépites de chocolat,Sondey,"400 g, 8 sachets de 4 biscuits",France,2024-04-18,14.21,400.0
1176,REC-755998,14644,Cracotte Fraise,"Lu, Mondelez",200 g,"Belgium,France,Switzerland",2025-05-23,13.04,200.0
1177,REC-435176,13068,150G LINDOR LAIT LINDT,Lindt,150 g,France,2025-12-24,5.75,150.0
1178,REC-503494,14481,Tartines craquantes bio à la châtaigne sans gluten,"Ekibio,Le Pain des fleurs",150 g,"Belgium,France,Switzerland",2026-01-09,9.6,150.0
1179,REC-250360,6796,Choco Bisson cacao,Unknown,15 biscuits - 300gr,"Francia,Suiza",2024-09-03,3.2,15.0
1181,REC-930429,12217,Peanut,m&m's,250g,"France,Germany,Italy,Luxembourg,Romania,Switzerland",2025-01-12,5.88,250.0
1182,REC-779570,10213,Frusli Juicy Red Berries Chewy Cereals Bars 6 x (180g),Jordans,,"France, en:united-kingdom",2025-10-06,16.4,
1183,REC-671292,9770,Pipers Burrow Hill Cider Vinegar & Sea Salt Crisps,"Pipers,PepsiCo",40 g,"France,Switzerland,United Kingdom",2024-02-27,6.33,40.0
1184,REC-849772,13733,Hand-Cooked Crisps Lightly Sea Salted,Unknown,,"France,United Kingdom,Ireland",2025-11-19,24.0,
1185,REC-960920,12197,Gran saraceno,galbusera,100 g,Italy,2025-07-08,3.2,100.0
1186,REC-886411,10840,Misura Privolat,Misura,290 g,Italy,2025-06-08,6.48,290.0
1187,REC-836786,13386,Doritos Nacho cheese,Doritos,170 g,Belgium,2025-12-09,4.21,170.0
1189,REC-597543,9995,Almond Butter & Salted Caramel Cups,Unknown,,United Kingdom,2024-12-18,18.18,
1190,REC-741571,9988,Maxi croust,Unknown,,en:ma,2025-01-28,7.01,
1191,REC-949086,9818,Kinder joy,"Ferrero, Kinder",60 g,France,2025-04-27,18.26,60.0
1192,REC-636894,14818,Savane tout choco,Brossard,310 g,France,2025-10-28,4.16,310.0
1193,REC-434765,14231,DARK CHOCOLATE NUTS & SEA SALT,"KIND,Mars Wrigley",40 g,"Francia,Alemania,España,Suiza",2024-04-23,16.59,40.0
1194,REC-330819,11633,Nachos,Hacendado,150 g,Spain,2024-11-09,14.44,150.0
1196,REC-152003,13235,Galletas chocolate 0%,Hacendado,250 g,España,2024-12-08,8.0,250.0
1197,REC-454001,12122,Bourn Vita 500Gram Pauch,Lu,,"India, Romania, United Kingdom, United States, en:bulgaria",2025-11-07,5.99,
1198,REC-711964,9046,Gpav cracker salato pav 560 gr,Unknown,560 g,"Italy, Germany, France",2024-12-07,18.5,560.0
1199,REC-717959,8970,Dominican dark chocolate,Sainsbury's,,United Kingdom,2025-10-01,5.43,
1202,REC-493176,10583,Sea Salt flavour pea and bean sticks,Unknown,100 g,en:United Kingdom,2025-04-01,2.5,100.0
1203,REC-911993,8563,Patatas fritas 0% sal,Hacendado,130g,España,2025-12-11,2.71,130.0
1204,REC-657100,7824,10 pains au lait,maitre jeanpierre,400 g,France,2024-12-26,6.02,400.0
1205,REC-737049,6163,original made with sea salt,triscuit,12.5 OZ (354 g),"France,United States, World",2024-04-08,4.73,12.5
1207,REC-350392,6761,Fruit Oat Biscuit Breaks,Nairn's,160g,"France, United Kingdom, en:ireland",2025-01-18,12.98,160.0
1208,REC-544623,8701,Ginger Crystallized In Dark Chocolate,Chocolove,3.2 g,"United States, World, en:india",2024-10-30,20.58,3.2
1209,REC-310249,6590,Envitas Céréales complètes et pépites de chocolat,Sondey,400 g,Frankrijk,2024-05-19,3.14,400.0
1211,REC-859435,14606,"KITKAT Ball, Billes au chocolat au Lait, 250g","Nestlé, Kit kat ball, Kitkat",250 g,France,2025-09-22,20.24,250.0
1212,REC-670105,10699,Pois wasabi,Tanoshi,100 g,France,2025-09-08,23.09,100.0
1214,REC-545382,10072,Crackers bio emmental et graines de courge paquet de 200g,"U, U Bio",200 g,France,2025-03-07,17.24,200.0
1215,REC-160413,8017,Tartines bio craquantes multi-céréales sans gluten,"Le pain des fleurs, ekibio",150 g,"France,Suisse",2024-12-17,17.37,150.0
1216,REC-515616,11738,Galettes aux flocons d’avoine fourrées chocolat noir,Biocoop,150 g,France,2024-10-27,12.69,150.0
1217,REC-311452,7159,Mix énergie,Alesto,150g,"Frankrijk,Duitsland",2024-12-26,17.0,150.0
1218,REC-934656,13082,100G COTE D'OR NOIR ORIGINAL,"Côte d'Or,Fraft Foods",100 g,"Belgium,France",2024-11-23,7.2,100.0
1219,REC-962558,5068,LOTUS DINOSAURUS Original Chocolat lait 225g (4x3p),"Lotus, Lotus Bakeries",225 g,"France,La Réunion",2025-06-08,13.94,225.0
1220,REC-641713,14614,Biscoff,Lotus,186 g,"Czech Republic,France,Italy,Spain,Switzerland,United Kingdom",2025-06-20,15.51,186.0
1221,REC-618722,13083,Toblerone White,Unknown,,"en:bolivia, en:france, en:germany, en:morocco, en:Suiza",2025-09-17,6.67,
1222,REC-672625,10975,Milka Choc & Choc,MILKA,175 g,"Bélgica,Francia,Alemania,España",2024-05-19,9.39,175.0
1223,REC-284045,14898,Alpine Milk,"Milka,Mondelez",270 g,"Austria,Francia,Alemania,Portugal,España",2025-05-11,11.25,270.0
1224,REC-415154,13799,Mini Oreo,"Oreo,Mondelez",160 g (4 x 40 g),"Austria,Francia,España",2025-05-26,13.52,160.0
1225,REC-144391,11694,Wafers alla vaniglia,balconi,45 g,"Italy, Morocco, en:france",2024-11-26,12.84,45.0
1226,REC-462936,11321,Doritos Tex-mex,Doritos,44g,"Francia,Marruecos,España",2024-07-12,6.94,44.0
1228,REC-564988,10918,8 Pains au lait frais Bio à la farine complète 280g,la boulangère,280 g,France,2025-05-25,20.51,280.0
1229,REC-671166,7613,Galletas Maria Sin Gluten,Hacendado,205 g,España,2024-12-15,13.93,205.0
1230,REC-819983,8543,Noir extra 99%,Equador,100 g,France,2025-11-17,9.56,100.0
1231,REC-166982,9132,Fagottini,Balocco,700 g,Italy,2024-05-14,14.33,700.0
1232,REC-847357,13894,Caramel Almond & Sea salt bar,Kind,,en:gb,2025-01-31,3.42,
1234,REC-778795,8219,Recette à l'ancienne,"Lay's, Lays",295 g,en:fr,2024-05-04,10.07,295.0
1235,REC-188613,10014,Protein Cookie Double Chocolate,Bodymass,75 g,France,2025-01-29,23.05,75.0
1236,REC-749759,7610,Pavesini 200 gr,Pavesi,200 g,"Francia,Italia",2025-01-04,4.1,200.0
1237,REC-966890,8123,Donut,Unknown,,en:ma,2026-01-26,15.36,
1238,REC-409122,12661,Barre protéinée,Joyfuel,55 g,en:fr,2025-05-31,4.47,55.0
1239,REC-162042,10063,Palitos frutos secos,Hacendado,130g,España,2025-02-25,6.98,130.0
1240,REC-370964,7843,Sfogliatine glassate,Unknown,200 g,"Bulgaria,Francia,Italia",2024-09-11,7.9,200.0
1242,REC-828818,6623,Bruges Assortment Biscuits,"Delacre, Ferrero",200 g,"Belgique,France",2025-04-28,14.56,200.0
1243,REC-378837,6892,Lutti guimauve chocolat,Lutti,0.185 kg,France,2025-06-19,23.56,0.185
1244,REC-350692,12955,madeleines,Saint Michel,75 g,France,2024-10-27,14.88,75.0
1245,REC-602222,8934,Tablette dessert chocolat noir 52% - 200g,"Intermarché, Ivoria",200 g,France,2024-10-09,13.92,200.0
1246,REC-355268,10536,Brioche Tranchée,Carrefour,500 g,France,2025-03-12,14.07,500.0
1247,REC-353264,10679,Taboulé au poulet à la ciboulette,Pierre Martinet,300 g,France,2024-08-30,22.15,300.0
1249,REC-488857,8372,8 Pains au lait,Unknown,280 g,France,2024-03-18,16.63,280.0
1250,REC-531968,8834,Tartines craquantes froment,"Marque Repère, Épi d'Or",250 g,France,2024-02-22,9.8,250.0
1251,REC-365666,10155,Chinois crème pâtissière,La Fournée Dorée,600 g,France,2025-12-06,8.14,600.0
1252,REC-613926,6869,"Grand cœur fondant, chocolat noisettes","Michel et Augustin,Ferrero",180 g,"France,Switzerland",2024-04-17,24.67,180.0
1253,REC-626897,6851,Spearmint Flavour,Wrigley's Extra,84g,"France,United Kingdom,en:united-kingdom",2024-11-23,2.36,84.0
1254,REC-715439,6053,Twiglets Original,Jacobs,150 grame,"France, en:united-kingdom",2025-02-10,7.68,150.0
1255,REC-699888,6852,Tuc,Tuc,150 g,"France,Royaume-Uni",2024-10-28,10.61,150.0
1257,REC-115358,9210,Nutella & GO,Ferrero,,"Belgium,France,Germany,Switzerland",2026-02-04,6.16,
1259,REC-714727,6682,Roasted & Salted Peanuts,"Stockwell & Co, Tesco",200g,"France,Germany,United Kingdom",2024-06-01,16.89,200.0
1260,REC-562376,12578,Momo white,Excelo,35 g,"France,Morocco",2025-08-05,6.25,35.0
1261,REC-186239,9356,Хрус-хрус,Maxi sticks,60 g,Bulgaria,2025-02-11,15.49,60.0
1262,REC-383171,14854,Le Sfoglie,Italiamo,225 g e,"Croatia, France, Spain, United Kingdom, en:romania",2026-02-04,3.89,225.0
1263,REC-154746,11883,Vitamin coconut bar,Sante,50g,"Egypt, Germany, Morocco, Romania, en:poland",2025-08-20,2.66,50.0
1265,REC-710440,10010,Protein Bar Chocolate Brownie,Lidl,135 g (3 x 45 g),"France,Italy,Spain,United Kingdom",2025-07-15,17.3,135.0
1266,REC-238083,5395,Chocolate negro 72%,Hacendado,100 g,"Morocco,Spain",2025-03-17,18.71,100.0
1267,REC-894864,8441,Kinder tronky,"Ferrero,Kinder",90 g (5 x 18 g),"Australie,France,Allemagne,Nouvelle-Zélande",2024-12-15,9.88,90.0
1268,REC-903339,12486,Barritas de galleta rellenas de arándanos,Hacendado,125 g,"Portugal,España",2025-03-31,14.06,125.0
1269,REC-527625,13919,milka triple chocolat avec morceaux de biscuits,Milka,,en:Morocco,2025-08-10,5.99,
1271,REC-827523,14604,Mini Rollos Chocolat au Lait & Coeur fondant au Lait,"LU,Mondelez,Pépito",225 g,France,2025-09-15,17.15,225.0
1273,REC-911943,13632,Chips à l'Ancienne nature,"CMI (Carrefour Marchandises Internationales), Carrefour, Carrefour Original, Groupe Carrefour",150 g,"France, en:morocco",2025-11-30,4.45,150.0
1274,REC-225721,5885,Sel et Poivre,Unknown,,France,2024-02-12,14.92,
1275,REC-674813,5520,Tablette dégustation chocolat noir 70% - 100g,"Les Créations, Producteur & Commerçant",,"France, en:belgium",2025-09-21,20.33,
1276,REC-362150,8096,P'tit déj bio céréales et chocolat,Unknown,190 g,"France,Spain",2024-04-18,4.59,190.0
1278,REC-765266,12093,Dipster,Carrefour,170 g,"France,Italie,Espagne",2025-12-14,15.35,170.0
1279,REC-678283,13434,Chocolat noir aux éclats d'amandes,Alter Eco,100 g,France,2025-09-08,18.13,100.0
1280,REC-526402,12595,Snacks a Jacks Chocolate Chip Rice Cakes 180g,Snack a Jacks,180g,"France,United Kingdom",2024-04-17,4.86,180.0
1281,REC-247704,12305,Dark chocolate bar with cranberries and macadamias,Eat Natural,3 × 45 g,"France,United Kingdom",2024-12-28,7.33,3.0
1282,REC-360645,8571,Pipers Lye Cross Cheddar & Onion Crisps,Pipers,,"France, en:united-kingdom",2025-09-22,9.9,
1284,REC-432468,14210,raw fruit & nut bar,nakd.,1 x 35g,"Spain, en:united-kingdom",2025-05-01,22.52,1.0
1285,REC-896481,8436,Snack Aper Matutano Doritos Tex-Mex 120g,"Doritos, Pepsico",120 g,"France, Portugal, en:morocco",2024-10-01,9.3,120.0
1286,REC-346240,7082,Fibrextra,Misura,330g,"法国,意大利,瑞士,Japan",2024-02-11,14.43,330.0
1287,REC-810414,9410,Choco Chip Cookies,"Schär,ARVID NORDQUIST NORGE AS",200 g,"France,Germany,Italy,Netherlands,Poland,Spain,Switzerland",2025-04-27,10.19,200.0
1288,REC-196394,9919,Digestive Choco,Unknown,270 g,"Francia,Portugal,España",2024-08-24,2.74,270.0
1291,REC-570728,13112,Maria,Gullón,,"Belgium, en:morocco",2024-03-22,15.36,
1292,REC-318805,13443,Lu thé pocket,LU,264g,France,2026-01-01,21.95,264.0
1293,REC-454748,14468,KP Dry Roasted Peanuts,KP,415g,"France,United Kingdom",2025-12-19,23.96,415.0
1296,REC-832139,10919,Kinder Cards Family-Pack 20days,"Ferrero, Kinder",256g,"Frankreich,Deutschland",2024-12-18,11.72,256.0
1297,REC-485234,10933,Organic Peruvian 85% Cocoa Dark Chocolate,Moser Roth,100 g,United Kingdom,2025-04-08,24.43,100.0
1298,REC-695546,12172,Nascondini mb 330g int. eu,Mulino Bianco,330 g,"Hrvatska,Francuska,Njemačka,Italija",2024-02-21,7.68,330.0
1299,REC-775836,13262,Salted Potato Rings,Hula Hoops,45 g,United Kingdom,2025-12-08,22.27,45.0
1300,REC-922538,11230,trufas,lacasa,250g,en:Morocco,2024-12-21,13.28,250.0
1301,REC-963706,10143,Granola cookie cœur extra moelleux,Granola,5 x 28 g,France,2025-01-05,9.71,5.0
1302,REC-886381,5823,Oaty & Crispy Avoine & Cacao x 5 barres de 23 g,Unknown,115 g,en:fr,2024-07-15,15.3,115.0
1303,REC-966843,6397,Avoine & miel,Nature Valley,115g,France,2024-05-08,23.61,115.0
1304,REC-951651,7853,Spéculoos,Sondey,500 g (2 x 250 g),France,2025-06-15,2.7,500.0
1305,REC-466621,12051,Chocolat noir bio 70% cacao,"Fair,simplement bon et bio",100 g e,France,2025-06-22,2.59,100.0
1306,REC-479956,8720,Glico Mikado & Go - Chocolat au lait,"LU, Mikado",39 g,"France, Spain, en:italy",2025-11-02,1.02,39.0
1307,REC-267547,5737,Triangolini Sésame,Belin,100 g,"France,en:france",2024-12-24,3.81,100.0
1308,REC-600661,6897,300G DRAGÖLO HARIBO,Haribo,300 g,France,2025-03-22,8.33,300.0
1309,REC-758659,11467,Bénénuts 3D's Bugles Goût bacon,"3D's Bugles, BENENUTS, LAYS, PepsiCo",85 g,Francia,2025-05-01,3.62,85.0
1310,REC-912417,8284,Crousti Chocolat,Gerlinea,102 g,France,2026-01-15,6.9,102.0
1311,REC-133930,12583,Tartelettes framboise,Bonne Maman,135 g,"Belgique,France,Allemagne,Suisse,Royaume-Uni",2024-04-27,19.72,135.0
1312,REC-229387,8763,Chips de légumes,"Bouton D'Or, Les creations",100 g,France,2024-02-16,24.46,100.0
1313,REC-120214,6934,Curly Cacahuète L'Original,"Curly,Intersnack,Vico",2 x 100 g,France,2025-07-18,1.71,2.0
1314,REC-660334,5314,Pains au chocolat x 8,"Marque Repère, Épi d'Or",360 g,France,2024-03-05,21.88,360.0
1315,REC-447636,14455,Déli Matin allégé de 30% en sucres aux pépites de chocolat,"Marque Repère, P'tit Déli",300 g,France,2024-04-15,7.75,300.0
1316,REC-578343,11561,Déli Matin Multi-Céréales,"Marque Repère,P'tit Déli",400 g,France,2025-04-30,12.33,400.0
1317,REC-551973,7959,Chocolat noir Fèves de cacao,Ethiquable,100 g,France,2024-07-08,13.58,100.0
1318,REC-110289,12074,Finest Selection Assorted European Chocolates,"Merci,Storck",400 g,"Bulgaria,France,Germany,Spain,Switzerland,Qatar",2025-10-22,4.94,400.0
1319,REC-805359,6340,Sour Cream & Cracked Black Pepper Flavour Wholegrain Snack,Sunbites,,"France, en:united-kingdom",2025-10-28,7.36,
1320,REC-388577,12823,Doritos Tangy Cheese,"Doritos,Walkers",180g,United Kingdom,2025-03-01,19.3,180.0
1322,REC-870994,6103,Oreo Original,Oreo,154 g,"France,Royaume-Uni",2024-10-06,5.35,154.0
1323,REC-533704,9456,Caramelo Liquido,"Royal, Mondelez",400 g,"Frankreich, Marokko, Spanien, Germany",2024-11-02,1.95,400.0
1324,REC-237148,11569,Original Neapolitaner,Manner,400g,"Czech Republic,Germany",2025-02-24,18.15,400.0
1326,REC-500768,13433,Barritas frutos secos,Hacendado,4 x 30 g,España,2024-11-05,8.09,4.0
1327,REC-132115,12282,María choco,Hacendado,,Spain,2025-08-21,21.34,
1328,REC-969205,8290,Chocolat Noir IRRESISTIBLE 70%,Co Op,,United Kingdom,2025-03-11,17.29,
1329,REC-128027,7976,Galletas Relieve,Hacendado,645 g,España,2025-09-21,18.57,645.0
1330,REC-794061,8432,Schtroumpfs,Haribo,300 g,France,2024-06-02,19.69,300.0
1331,REC-391244,5957,All Butter Pistachio and Almond Cookies,Unknown,200 g,"Czech Republic, France, Thailand, Scotland, en:united-kingdom",2024-02-22,14.47,200.0
1332,REC-803408,12788,Lightly Salted Rice Crackers,Unknown,,United Kingdom,2025-07-02,10.59,
1333,REC-451300,11473,Cereali G - granola e frolla,Galbusera,300 g,Italy,2024-12-14,24.48,300.0
1334,REC-535797,5960,Petites tartelettes Chocolat caramel,Unknown,250 g,"Belgium,France",2025-11-24,16.84,250.0
1335,REC-182838,10269,Biscuits petit déjeuner,"WW, Weight Watchers",16 200g,France,2024-10-06,7.48,16.0
1336,REC-421396,13767,chocolate orange dipped almonds,Deliciously Ella,27g,"France, en:united-kingdom",2025-06-23,1.41,27.0
1337,REC-825231,12446,Tablette Lait noisettes et amandes pilées,Merveilles du Monde,100 g,France,2025-12-17,4.28,100.0
1338,REC-314385,14938,Petites Madeleines,Bonne Maman,235 g,"France,Royaume-Uni",2024-10-01,24.68,235.0
1340,REC-861014,5869,Flûtes feuilletées fromage,Snaktastic,150g,"France,Germany,United Kingdom",2024-05-10,6.43,150.0
1341,REC-402908,11994,Musli bar apple,Crownfield,200g,Alemanha,2024-08-17,10.63,200.0
1342,REC-855527,9299,10 pains au lait,Carrefour,,"France, en:belgium",2025-01-13,24.67,
1343,REC-589457,7325,Biscuits Croquants Avoine Chocolat,Evernat,130 g,France,2025-07-17,5.62,130.0
1344,REC-972625,12470,Chocolat dessert pâtissier,"Marque Repère,Tablette d'Or",,"France,Allemagne,La Réunion,Tunisie",2025-10-26,24.02,
1345,REC-762627,6644,Tables du Mondes - Tortillas chips original,"Marque Repère, Tables du Monde",200 g,France,2025-09-25,12.62,200.0
1346,REC-310695,10372,Rochers - chocolat au lait,Suchard,245 g,"France, en:be",2025-03-07,19.92,245.0
1347,REC-167697,11029,Sablés authentiques Épeautre,Unknown,,France,2024-10-31,12.08,
1348,REC-622907,10440,Tartines craquantes avoine,"Jardin bio, Léa Nature",150 g,France,2024-06-04,15.05,150.0
1349,REC-100261,5312,Lapin d’or chocolat au lait,Lindt,100g,"Åland Islands, Finland, France, Germany, Sweden, Switzerland, en:united-kingdom",2024-06-13,16.17,100.0
1350,REC-261443,5800,Milchschnitte 10er-Pack,"kinder,Ferrero",280 g (10 x 28 g),"Österreich,Frankreich,Deutschland,Italien",2024-04-13,10.2,280.0
1351,REC-628281,11146,Salted Tortilla Chips,Essential Waitrose & Partners,,"France, United Kingdom",2024-03-10,6.63,
1352,REC-218902,11304,After Eight,Nestlé,200g,"France, Germany, Switzerland, en:morocco",2026-01-07,19.8,200.0
1353,REC-433228,14407,After Eight Dark Chocolate Thins,Unknown,400 g,"Francia,Germania,Paesi Bassi,Svezia,Italia",2025-09-23,18.72,400.0
1354,REC-520060,7760,Tuc Sour Cream & Onion,LU,100g,"Danmark,Frankrig,Tyskland,Schweiz",2025-06-21,16.75,100.0
1355,REC-711588,13073,Schoko Bons,"Ferrero,Kinder",125 g,"Austria,France,Germany,Hungary,Italy,Romania,Switzerland",2024-10-14,19.31,125.0
1357,REC-955736,11280,Ricola eucalyptus,Ricola,70 g,France,2026-02-01,3.71,70.0
1358,REC-109679,14129,Loacker,Loacker,90 g,"France, United Kingdom, en:romania",2025-09-27,15.75,90.0
1359,REC-769831,5442,María sin gluten,Gullón,,"Hungary,Morocco,Spain",2024-10-05,11.06,
1360,REC-254616,13795,Milk Chocolate Coated Caramel Wafer Biscuit,Tunnock’s,30g,"France,Spain,United Kingdom",2025-04-29,18.55,30.0
1361,REC-223368,5063,Chocolat Kinder Chocofresh fourré lait noisette x5,"Ferrero, Kinder",102.5g,"Autriche,Belgique,France,Allemagne,Roumanie,Suisse,Royaume-Uni,Hongrie",2025-09-18,20.25,102.5
1362,REC-238171,13021,Chocolat Pâtissier Noir CORSE 70% CACAO,"Carrefour BIO, Carrefour",200 g,France,2025-10-06,14.81,200.0
1363,REC-820874,14237,Tangfastics,HARIBO,175 g,United Kingdom,2025-11-12,11.54,175.0
1364,REC-485210,14406,Butter croissant,Aldi,,United Kingdom,2024-08-16,7.89,
1365,REC-253854,13050,Mature Cheddar & Red Onion,Unknown,130g,en:United Kingdom,2025-12-07,23.98,130.0
1366,REC-129540,8156,"Gerblé - No Sugar Added Apple Blackcurrant Cake Filling, 180g (6.4oz)",Gerblé,180 g,France,2024-05-15,16.88,180.0
1367,REC-924905,10265,Ferrero Rocher Haselnuss white,Ferrero,90 g,"France, Italy, Morocco, en:united-kingdom",2025-07-23,3.34,90.0
1368,REC-885830,13132,Milk Chocolate Buttons 38%,Montezuma,180g,en:gb,2025-02-28,13.58,180.0
1369,REC-357279,5714,Sweet and salty nut,Nature Valley,150g,"United Kingdom, en:france",2025-03-08,19.07,150.0
1370,REC-622082,7939,Dominican Republic Dark Chocolate 72,Unknown,,United Kingdom,2024-10-28,20.7,
1371,REC-663875,6608,Tablette de chocolat 100% cacao variétés native Pérou,ETHIQUABLE,100 g,France,2024-04-21,18.79,100.0
1372,REC-811450,14043,Excellence Noir Orange sanguine de Sicile,Lindt,,France,2024-02-14,20.95,
1373,REC-235626,6769,Madeleines sorties du four,LE STERN,,en:fr,2025-07-12,16.86,
1374,REC-263162,7739,Pom-Bar,Chio,,"Bulgaria, en:romania",2025-05-14,5.58,
1375,REC-317392,13484,Nut & Fruit mix,Natural Happiness,150 g,"France,Maroc",2025-09-17,9.59,150.0
1376,REC-665020,8005,Chewing gum pure fresh,Mentos,100g,France,2025-06-23,12.32,100.0
1377,REC-751576,6613,Milka triple caramel,Unknown,,en:ma,2024-05-25,17.35,
1379,REC-910501,8133,flipo,henrry's,3 /18g,en:Morocco,2024-02-19,2.17,3.0
1381,REC-828771,10251,FIG BAR Blueberry,NATURE'S BAKERY,2 oz,"France,United States, World",2025-09-28,14.96,2.0
1382,REC-700700,8556,Potato Wedges sült krumpli,Harvest Basket,750g,"Finland,France,Germany,Slovenia,Spain",2025-12-30,22.87,750.0
1383,REC-885399,14433,La Coqueline (fraise),Unknown,165 g e,France,2025-05-25,11.14,165.0
1384,REC-419542,12739,Prince Choco'🍫Barre - Barre céréalière au chocolat🍫,LU,125 g,"en:france, en:monaco, en:Switzerland",2024-09-24,4.29,125.0
1385,REC-997234,11315,Excellence Noir Zeste de Citron Vert,Lindt,100 g,"France,Italie,Espagne,Suisse",2025-04-20,6.62,100.0
1386,REC-908188,5678,Génoise chocolat orange Gerblé sans sucres,Gerblé,140 g,"Francia,Suiza",2024-06-10,14.71,140.0
1387,REC-466284,10746,Madeleines,Unknown,300 g,France,2024-08-29,23.94,300.0
1388,REC-849172,13249,Madeleine,Le Ster,25 g,"France,en:france",2024-08-04,9.14,25.0
1389,REC-477050,5066,Brioche tranchée,"Chabrior, Intermarché",500 g e,France,2024-04-28,1.34,500.0
1390,REC-975262,10026,Ma Salade de Lentilles à la Lyonnaise,Pierre Martinet,300 g,"France,en:france",2024-05-19,18.77,300.0
1391,REC-692776,14428,Coeur coulant au chocolat🍫,Bonne maman,160 g (2 * 80g),France,2024-08-23,14.13,160.0
1393,REC-831710,7549,Petits sablés Beaufort,"Ferrero,Michel et Augustin",100 g,France,2025-01-08,2.16,100.0
1394,REC-106778,5126,Kinder Pingui,Kinder,30 g,"Bosnie-Herzégovine,Bulgarie,Croatie,France,Hongrie,Italie,Moldavie,Monténégro,Macédoine du Nord,Roumanie,Serbie",2024-08-25,20.44,30.0
1395,REC-366090,9908,flash,Unknown,,"France,Morocco",2025-11-01,20.56,
1396,REC-403416,13850,Manyana,Alimani,26g,Maroc,2025-07-24,19.63,26.0
1398,REC-214722,13918,BEAN SALT SNACK,Zweifel vaya,80g,"Austria,France,Germany,Switzerland",2024-10-26,7.8,80.0
1399,REC-596127,8480,Caramel et Noisettes,Milka,300 g,"ประเทศฝรั่งเศส,ประเทศเยอรมนี,ประเทศฮังการี,ประเทศสโลวาเกีย,ประเทศสเปน,ประเทศไทย (Thai)",2024-02-14,1.78,300.0
1400,REC-193284,11180,Noir praliné,Côte d'Or,200 g,"Belgique,France",2025-06-18,16.99,200.0
1402,REC-227467,9269,BuoniCosì senza zuccheri aggiunti frollini classico,Galbusera,,"France,Italy",2025-09-15,2.57,
1404,REC-893588,10623,Chocolate puro con almendras,Valor,250 g,"France, Spain, en:morocco",2025-07-27,21.95,250.0
1406,REC-969221,9167,Pan tostado ajo y perejil,Hacendado,170 g,"Portugal,España",2025-07-20,10.8,170.0
1407,REC-823328,12975,Conikos barbecue,Unknown,,"France, en:morocco",2024-03-31,17.52,
1408,REC-543975,10573,Galettes au bon beurre bio,St Michel,130 g,France,2025-03-31,19.96,130.0
1409,REC-959261,13262,Starmix,HARIBO,175 g,"Canada,France,United Kingdom",2025-02-14,18.65,175.0
1410,REC-960717,10825,Nussknacker - Vollmilchschokolade,"Aldi,Choceur,WIHA",100 g,"Germany,Morocco,Romania",2024-11-14,17.65,100.0
1411,REC-419467,10902,KIDDYLICIOUS Fruity Bakes - Fraise - 132g (6x1p),Unknown,,"France, en:united-kingdom",2024-12-28,9.45,
1412,REC-452442,7269,Avoine Sésame,Bjorg,130 g,France,2025-09-19,1.73,130.0
1414,REC-509111,12895,Grany - Envie de nuts,LU,120 g,France,2024-11-16,10.33,120.0
1415,REC-861734,13306,Tortilla Pops Finement Salé,N.A ! NATURE ADDICTS,80 g,"France, United States, en:morocco",2025-04-06,10.74,80.0
1417,REC-829105,5207,Rice cracker paprika,Nature Addict,85g,"Belgique,France",2025-07-25,22.83,85.0
1418,REC-493714,14354,Serrano cholli & yucatan honey,Manomasa,,en:gb,2024-07-26,21.16,
1419,REC-153078,6011,Tablette Noir noisettes et amandes pilées,"KROKOLA, Merveilles du Monde",100 g,France,2025-01-30,24.49,100.0
1420,REC-706672,12786,Crunchy Nut Clusters Chocolate,Kellogg's,400g,gb,2025-03-03,3.1,400.0
1421,REC-685498,8754,gaufrette fourrée chocolat & cacahuètes,Leka,,Morocco,2026-01-13,6.75,
1422,REC-879107,12887,Multigrain Crackers,Savour Bakes,170 g,United Kingdom,2025-02-02,12.53,170.0
1425,REC-257477,7630,Mars,Mars,51g,"France,Morocco",2025-08-28,3.51,51.0
1426,REC-434589,14272,Swiss Chocolate Extra Fine Dark,Marks & Spencer,125g,"France,United Kingdom",2024-02-22,23.57,125.0
1427,REC-703352,7013,Marylands Chocolate Chip Cookies,Unknown,200 g,"France, en:united-kingdom",2024-12-23,21.66,200.0
1428,REC-254549,8129,Chocolate Sea Salt,RXBAR,1 bar (52g),United States,2025-03-23,18.0,1.0
1429,REC-628296,9593,Spiced biscuits,"Coppenrath Feingebäck GmbH,Favorina",600g,"República Checa,Francia,Alemania,España,Suiza",2024-12-21,13.18,600.0
1430,REC-193233,14468,Galletas saladas,Snack Day,350 g,"França,Espanha",2024-05-18,2.14,350.0
1431,REC-850368,6790,Goûters REM Parfum chocolat,REM,375g,France,2025-10-25,11.65,375.0
1432,REC-933080,12622,Galettes Au bon beurre,St Michel,260 g (2 * 130 g),France,2024-05-27,7.94,260.0
1433,REC-913337,13934,Minizza Tomate🍅& Herbes de Provence,Belin,85 g,Francia,2025-04-14,17.55,85.0
1434,REC-910565,11429,250G BUBBLIZZ LUTTI,Lutti,250 g,Francia,2025-02-01,24.36,250.0
1435,REC-562771,5914,Chips,"Lay's, Lays",150 g,France,2025-02-15,14.61,150.0
1436,REC-719058,13917,Moelleux tout chocolat Sans Sucres,Gerblé,196 g,France,2024-11-25,18.92,196.0
1438,REC-226430,14705,Snack poppé saveur paprika,TooGood,85 g,"France, en:us",2025-04-12,20.76,85.0
1439,REC-258752,7496,Tablette BIO dégustation - Chocolat noir Pérou 85% - 100g,Ivoria,,"Belgium,France",2024-07-03,3.31,
1440,REC-828897,10760,Madeleines longues - Perles de sucre,"Le Ster, le pâtissier",250 g (20 unités de 12.5 g),Francia,2025-04-30,23.36,250.0
1441,REC-156780,12886,Petit beurre 200g,U,200 g,France,2025-07-31,12.21,200.0
1444,REC-680048,10169,4 Baguettes viennoises complètes sans sucres ajoutés 340g,La Boulangère,340 g,France,2025-06-16,2.84,340.0
1445,REC-596232,6208,Wrigley's Extra Peppermint,Wrigley's,60 pieces,Royaume-Uni,2025-10-07,4.26,60.0
1446,REC-434376,13775,Finest Scottish Shortbread Fingers,Tesco,165 g,"France,United Kingdom",2025-06-09,24.77,165.0
1447,REC-594932,6953,Penguin Biscuit Bar,McVitie's,24.6 g,"France,United Kingdom",2026-01-15,7.85,24.6
1448,REC-537235,6113,Sante Baton Proteinowy Go On Kakaowy,Go On,50 g,"France, Morocco, en:poland",2025-07-03,16.13,50.0
1449,REC-508467,8482,Oreo,Oreo,154g,"Czech Republic, France, Germany, Romania, en:bulgaria",2024-07-27,9.59,154.0
1450,REC-654088,13672,Granola L'original,Unknown,400 g (2 * 200 g),France,2024-12-28,15.23,400.0
1451,REC-645643,9941,Lait Praliné Double Lait,Côte d'Or,200 g,France,2026-01-13,17.37,200.0
1452,REC-972955,13466,Bonbons Tic Tac x110 pastilles MENTHE - 54g,"Ferrero,Mixte,TIC TAC",54 g,"France,Allemagne,Suisse",2025-04-18,11.46,54.0
1453,REC-719828,9191,"Kinder pingui gouter frais genoise avec chocolat noir extra, fourree lait et cacao t8 pack de 8 etuis","Ferrero,Kinder",240 g,"Belgique,France,Suisse",2025-10-06,9.45,240.0
1454,REC-307113,14480,Protein Salted Caramel Nut,Nature Valley,160g,"France,United Kingdom",2024-05-19,22.71,160.0
1455,REC-939640,13338,gullon Hearts of Cereal Breakfast,Gullón,220g,"France, Italy, en:morocco",2024-09-12,4.79,220.0
1456,REC-869798,10742,Muesli & Raisin Cookies 185g,Florbú,,"en:cape-verde, en:morocco, en:spain, en:france",2024-11-29,23.07,
1458,REC-388806,9124,Barritas de cereales muesli con avellanas y almendras,Unknown,150 g (6 x 25 g),España,2024-04-03,18.83,150.0
1459,REC-677939,10397,Peanut Butter Pretzels,Kirkland Signature,55 oz,"Canada, France, United States, en:united-kingdom",2024-08-30,11.06,55.0
1460,REC-840350,5585,Sablés Normands,"Carrefour, Reflets de France",175 g,"France,Italie,Espagne",2024-11-05,19.56,175.0
1461,REC-504534,11496,LOTUS Gaufre de Liège Chocolat au lait 363g (7x1p),Unknown,363 g,France,2024-11-20,8.44,363.0
1462,REC-794582,11106,Palomitas pipocas microondas Sal,Hacendado,270 g,España,2024-02-06,10.02,270.0
1463,REC-878514,12336,Milka oréo,Milka,100g,"France, Romania, en:morocco",2025-03-10,5.3,100.0
1465,REC-595830,12601,Curvies original gluten free,"Arvid Nordquist Norge AS, Schär",170g,"France, Germany, United Kingdom, en:morocco",2025-05-20,23.91,170.0
1466,REC-455521,10167,Hand Cooked Lightly Salted Potato Crisps,Specially Selected,6 Bags 25g Each,en:gb,2024-08-24,17.58,6.0
1467,REC-429007,7146,Cashew Nuts Unsalted (Anacardos sin sal),Snacks of The World,150 g,France,2025-08-30,20.33,150.0
1468,REC-968440,11725,Süßkartoffel Pommes,Harvest Basket,500 g,"République tchèque,France,Allemagne,Hongrie,Royaume-Uni",2024-10-24,10.6,500.0
1469,REC-658069,12892,Tartines craquantes sarrasin,"Carrefour BIO, Carrefour",150 g (2 x 75 g),"France, en:belgium, Italie, Espagne",2025-11-29,8.5,150.0
1470,REC-460238,12624,Sour cream & onion flavour potato chips,Popchips,5 x 17 g,en:gb,2025-09-29,1.44,5.0
1471,REC-154663,6202,Hummus bites tomato and basil,Snaktastic,135g,en:gb,2025-03-07,15.06,135.0
1472,REC-661977,5994,Linsen Chips Paprika Style,funny-frisch,90g,Germany,2024-12-21,14.74,90.0
1473,REC-418798,5047,Tartines craquantes au blé complet 250g,U,250 g,France,2025-09-02,17.34,250.0
1474,REC-620407,12251,Brioche Muffin x 5 250g,La Boulangère,250 g,en:fr,2024-04-26,14.1,250.0
1475,REC-256282,9339,"Chocolat noir, Éclats d'amandes grillées & pointe de sel","Fairglobe, Way to go!, Lidl",180g,"France,Germany",2025-02-08,6.3,180.0
1476,REC-660659,6007,Cookies Classique,Delacre,136g,"France, en:belgium",2024-11-22,1.84,136.0
1477,REC-181038,5373,Almond Cantucci,Crosta & Mollica,,United Kingdom,2025-09-22,21.88,
1478,REC-292059,9137,amaretti,Crosta and mollica,140g,United Kingdom,2025-11-19,9.04,140.0
1479,REC-736619,7858,crispy seaweed thins sea salt,itsu,5G,en:United Kingdom,2024-11-11,10.74,5.0
1483,REC-133492,7463,Doritos Goût nature maxi format,Doritos,230 g,Frankreich,2026-01-04,14.91,230.0
1484,REC-705097,7794,St michel - madeleines moelleuses nature x32 sachets individuels - le paquet de 800g,St michel,,France,2024-07-10,2.4,
1485,REC-479730,6868,Chips paysanne au sel de Guérande,Brets,125g,"France, en:morocco",2025-02-15,17.4,125.0
1486,REC-222852,7176,Tartines craquantes sarrasin,"Jardin bio, Léa Nature",300 g,France,2024-08-05,4.54,300.0
1487,REC-760733,10245,Chocolat noir caramel pointe de sel,Ethiquable,100 g e,France,2025-10-30,20.8,100.0
1488,REC-761251,10166,Biscuit petit beurre blé cplt (15) 140g,Biocoop,140 g,France,2025-07-07,24.53,140.0
1489,REC-520336,11904,Bonbons à l'eucalyptus,"AmanieNord Fresh, Lidl",300 g,"en:france, en:germany, en:romania, en:spain",2025-06-28,22.54,300.0
1490,REC-441194,11892,Peanut Chocolate Treat Bag,M&M's,82 g,en:france,2025-07-12,20.25,82.0
1491,REC-431820,11763,McVitie's Rich Tea Classic 2 x,McVitie's,600g,"France, United Kingdom, en:ireland",2025-12-16,11.86,600.0
1492,REC-393895,11836,Hand-cooked crisp lightly sea salted,Tyrrells,,"France, en:united-kingdom",2024-10-09,5.83,
1493,REC-687663,5520,Biscoff,Lotus,250g,"Österreich,Deutschland,Schweiz",2026-01-24,24.3,250.0
1494,REC-856276,13683,Ficelles Olives Vertes et Noires,Kambly,100 g,France,2025-03-03,5.55,100.0
1495,REC-735162,5998,Lindet choco swis dark 2yrs prod,Lindt,100 g,"France, en:morocco",2025-06-08,15.71,100.0
1496,REC-867667,12982,Moelleux Multi Céréales,"BelVita, LU",250 g,"Belgique,France,Suisse",2024-05-17,14.94,250.0
1497,REC-410547,12109,Prince - Biscuits fourrés goût chocolat,Lu,3 x 300 g,"France,Germany",2025-06-17,16.5,3.0
1498,REC-110068,13414,Milka Tendre au lait,Milka,100 g,"France, en:morocco",2025-09-22,2.22,100.0
1499,REC-919137,7180,Milk Chocolate Truffles,Unknown,200g,"Italy,Switzerland,en:united-kingdom",2025-05-26,21.11,200.0
1500,REC-944870,10506,TIC TAC Fresh Mint,Unknown,18 g,"Belgique,Bulgarie,France,Hongrie,Italie",2025-05-16,10.46,18.0
1501,REC-430972,12397,Sunbites. Sal marina.,"Sunbites,PepsiCo",,"Portugal,Espanha",2024-03-07,13.67,
1502,REC-245362,7100,DooWap pépites chocolait ss additif,"Barilla, Harrys",320 g,France,2025-07-25,4.2,320.0
1503,REC-345822,6789,Biscuiți cu cremă de cacao,Croco,25g,"France, Romania, en:spain",2024-10-02,14.0,25.0
1504,REC-232705,10631,Sea Salt & Chardonnay Wine Vinegar Crisps,"Co Op, Coop",150 g,"France, en:united-kingdom",2024-07-25,10.2,150.0
1505,REC-999167,10562,Potato Cakes,Warburtons,6,en:gb,2024-11-01,20.4,6.0
1506,REC-605560,14622,Corn Puffs Star W Cascaval 90G 1 / 20 1.6KG / Box,Star,90g,"Franța,România",2025-11-14,18.87,90.0
1507,REC-497922,10153,Pure fresh mentos,Mentos,30 g,"Spain, en:morocco",2026-01-24,1.01,30.0
1508,REC-631891,10835,Dark chocolate,Waitrose,100g,United Kingdom,2025-03-14,12.99,100.0
1509,REC-692106,13978,Sea Salt Sourdough Flatbreads,Peter's Yard,115g,en:gb,2025-03-12,1.61,115.0
1510,REC-630007,9811,Pepite chocolat,Aiguebelle,,en:ma,2024-04-18,18.09,
1511,REC-496835,6799,Les Fourrées  -  Beurre de Cacahuète & Cacao,Funkie,250 g,France,2025-03-05,23.57,250.0
1512,REC-602078,9849,Barre aux 4 céréales et figue,"Marque Repère, Grainéa",126 gr,France,2026-01-29,24.39,126.0
1513,REC-293057,8530,Pistachios,Alesto,,United Kingdom,2024-10-04,8.25,
1514,REC-645951,11187,Major (goût vanille ),SAÏDA,,Morocco,2025-09-04,22.97,
1515,REC-327669,11185,"Brossard - Savane Mini Dark Chocolate Marble Cakes, 210g (7.5oz)",Brossard,210 g,en:fr,2024-03-11,1.94,210.0
1516,REC-769574,5411,50G RICOLA MENTHOL,Ricola,50 g,France,2026-01-22,15.24,50.0
1517,REC-293254,12395,Biscuits à l'avoine complète nature bio 130g,"U, U Bio",130 g,France,2024-11-29,11.4,130.0
1518,REC-706176,14601,P’tit fondant coeur chocolat,Bjorg,180 g,France,2024-06-07,22.13,180.0
1519,REC-318587,6014,The Best Sea Salted Crisps,Morrisons,,en:gb,2025-08-26,17.01,
1520,REC-970573,7195,Toffifee weiß,"Storck,Toffifee",125g,"Österreich,Deutschland",2024-11-20,12.17,125.0
1521,REC-753812,7220,Tobigo,Unknown,,en:ma,2024-08-04,17.34,
1522,REC-415914,9368,Heroes,Cadbury,550g,"Russia, en:united-kingdom",2026-01-21,4.14,550.0
1523,REC-614261,11482,Sweet chilli pepper,Unknown,160g,en:France,2024-12-10,13.75,160.0
1524,REC-987997,6921,Organix carrot cake oats bars,Organix,6x23g,en:United Kingdom,2024-08-18,1.04,6.0
1525,REC-407145,8361,Crousti’pause choco noisette,Gerblé,,"France,Kenya",2025-04-08,8.92,
1526,REC-173883,5736,Natural Original Liquorice 4 Bars,Panda,128 g,"France,Netherlands,United Kingdom",2024-10-14,15.52,128.0
1527,REC-296684,7349,Mikrowellen Popcorn salzig,McEnnedy,300 g,"France,Allemagne,États-Unis",2024-11-22,8.63,300.0
1529,REC-781241,14005,Biscuits Complets Avoine et blé Bio,"Aachener Zucker- und Backwaren Paul Schaeffer, Lidl, Sondey","200 g (16 x 12,5 g)","Frankreich,Deutschland",2025-01-12,11.49,200.0
1531,REC-813081,14948,Cereal Max Energy Noisette Chocolat,Isostar,3 x 55g,France,2024-08-31,18.24,3.0
1532,REC-970687,5445,Sticks et bretzels,Carrefour,300 g,"en:belgium, en:france, en:italy, en:spain",2024-04-15,8.59,300.0
1533,REC-467524,12183,Tuiles goût salé,Bouton d'or,170 g,France,2025-06-13,20.94,170.0
1534,REC-863738,14977,Chips saveur Aïoli,Brets,125g,"France, Morocco, en:united-kingdom",2024-03-28,3.28,125.0
1535,REC-133930,12702,Galleta de mantequilla con tableta de chocolate con leche,Carrefour BIO,150 g,"France,Italy,Poland,Romania,Spain,Switzerland,Belgium",2025-10-06,6.06,150.0
1537,REC-738029,6428,République Dominicaine 80%,Alter Eco,100 g,France,2024-05-18,10.87,100.0
1539,REC-494728,14742,Werthers Original Drops Sukkerfri 42g,"Conaxess trade norway, Storck",42g,"Österreich, Belgien, Finnland, Frankreich, Marokko, Schweiz, Vereinigtes Königreich, Germany",2025-12-19,23.71,42.0
1540,REC-911361,12591,Storck Caramel Popcorn Classic 140g,Unknown,140 g,"Österreich,Frankreich,Deutschland,Neuseeland,Schweiz",2025-05-20,3.98,140.0
1541,REC-405085,12474,Balisto Miel Amandes x9,Balisto,167 g,"Frankreich, Deutschland, en:at",2025-08-24,11.56,167.0
1542,REC-745432,14538,Bombay mix,Cofresh,,"Francia,España,Reino Unido",2024-02-29,19.26,
1543,REC-796803,6353,Barres de Céréales Extra Kellogg's Miel - 4x32g,"Kellogg's, Extra",128 g,"Belgium,France",2025-08-08,3.24,128.0
1544,REC-967434,12306,Cashew Cookie Raw Fruit & Nut WholefoodBars,Nakd,4 x 35 g,"Ireland, en:united-kingdom",2025-06-04,1.47,4.0
1547,REC-932107,9651,Schweizer Kräuterbonbon,Ricola,,"Belgium, France, Germany, Switzerland, en:italy",2024-12-14,1.75,
1548,REC-907261,6921,Orange Menthe,Ricola,50 g,"Belgique,France",2026-01-03,11.3,50.0
1550,REC-363549,14703,Choco sticks,"Milka,Mondelez",112 g,"Bulgaria,Canada,Croatia,France,Italy,Morocco,Poland,Spain",2024-09-28,16.66,112.0
1551,REC-528754,5538,Barre Chocolatée Kinder Bueno Chocolat au Lait,"Kinder, Ferrero, Mixte",258 g,France,2025-06-06,18.47,258.0
1552,REC-383715,8250,Buoni cosi,Galbusera,300 g,"France,Italy",2025-03-01,16.17,300.0
1553,REC-128676,5141,MixMax,Balconi,35 g,"Belgium, Canada, France, Italy, Spain, United Kingdom, en:morocco",2025-03-09,12.18,35.0
1554,REC-255895,8185,Tortilla chips chili,"General Mills, Old El Paso",,"France, en:switzerland",2025-04-04,14.58,
1555,REC-759522,13173,Cheetos Sticks,cheetos,96 g,"Francia,España, en:morocco",2024-09-21,3.07,96.0
1557,REC-983695,13103,Sweet & Salty Microwave Popcorn,Butterkist,180g,United Kingdom,2025-09-26,22.25,180.0
1558,REC-591711,12690,Black's Organic White Chocolate Bar,Green & Black's,90g,"Ireland, en:united-kingdom",2025-10-24,6.79,90.0
1559,REC-455140,14636,Classic Cream Crackers,Asda,300 g,en:United Kingdom,2025-12-17,14.99,300.0
1560,REC-120006,7235,Tartines Craquantes Sarrasin,Le pain des fleurs,300 g,France,2026-01-10,12.02,300.0
1561,REC-374758,7662,Original Beef Stick,Chomps,32 grams,"United States, World",2025-12-01,15.38,32.0
1562,REC-396521,14269,Smooth operator milk chocolate,Montezuma's,,United Kingdom,2025-06-18,12.36,
1565,REC-859689,8866,Chocolat au lait,aiguebelle,100g,Morocco,2025-10-07,3.83,100.0
1566,REC-958829,5319,Oat Shortbread,walkers,,en:gb,2025-05-18,20.5,
1567,REC-944705,11585,Sablés Équilibre noisette,Le moulin du pivert,150 g,France,2024-03-03,21.06,150.0
1568,REC-611391,11450,Chips saveur miel moutarde,Brets,125 g,France,2024-11-06,14.42,125.0
1569,REC-629653,14007,Hot & Spicy,"Pringles, Pringles - Kellogg",185g,"Germany, en:france",2025-06-19,18.85,185.0
1570,REC-760152,12144,Brioches barre chocolat au lait,Pitch,300 g,France,2024-12-21,5.84,300.0
1572,REC-661558,8137,Mini Cheddars,"Jacob's, Jacobs",,en:gb,2025-04-16,14.77,
1573,REC-735951,7668,sour cream & onion flavour popped potato snacks,popchips,17g,en:United Kingdom,2025-11-19,8.74,17.0
1574,REC-484055,9960,Cioccoavena,mulino bianco,270g,en:Italy,2025-11-13,17.05,270.0
1575,REC-931515,12914,Nappés lait,Bjorg,150 g,France,2024-02-20,8.51,150.0
1576,REC-549925,13323,chips saveur barbecue,Lay's,,France,2024-09-04,4.71,
1577,REC-112650,12566,napolitane,Roshen,,"Argentina, Georgia, Romania, en:ukraine",2024-08-27,4.49,
1578,REC-798251,13055,Pringles Hot Smokin’ BBQ Ribs Flavour,Pringles,160g,"Frankreich, Marokko, Spanien, Vereinigtes Königreich, Germany",2024-09-01,17.85,160.0
1579,REC-991527,11686,Multi-Grain Crackers 6-Seed,Crunchmaster,,"United States, World",2025-07-11,20.06,
1580,REC-195320,5374,"Dark chocolate covered pretzels with peppermint pieces, peppermint",Unknown,21g,"Brazil, France, United States, en:united-kingdom",2025-12-27,21.9,21.0
1581,REC-375991,9334,Chocolat Lait Noisettes entières,"Bellarom, Fin Carre",200 g,France,2024-05-21,17.03,200.0
1582,REC-863414,7312,Fette croccanti con sesamo,Unknown,250 gram,"Francia,Alemania,Hungría,Italia,España",2024-06-19,23.96,250.0
1583,REC-923685,8623,Crusti Choc,Fin Carré,100g,"Франция,Германия,Унгария,Испания,България",2025-03-25,24.35,100.0
1584,REC-544776,14590,Chocolat Dégustation 70% cacao,Unknown,,"France,en:france",2025-12-14,6.54,
1585,REC-930146,5018,Bretzels d’alsace,ancel,,France,2025-02-26,24.21,
1587,REC-258443,14933,30 boudoirs 175g,Brossard,175 g,"Frankreich, Germany",2025-05-05,19.66,175.0
1588,REC-573438,7233,Haribo pik,Unknown,275 g,France,2025-02-27,9.74,275.0
1589,REC-504266,11739,Repas Équilibré barre saveur Pomme Framboise,Gerlinéa,360 g,France,2024-02-23,23.33,360.0
1590,REC-933430,9785,Sablés framboise sésame,Unknown,150 g,Francia,2025-03-04,16.62,150.0
1591,REC-784797,8474,Petit beurre,St Michel,180g,France,2025-11-11,23.98,180.0
1592,REC-647607,6711,Éclats de fèves de cacao noir,Unknown,100 g,"France,Italy,Kenya,Morocco,Spain",2025-01-06,5.6,100.0
1593,REC-692769,5208,Chocolat noir 80% - Équateur,Kaoka,100 g,"France,Netherlands",2025-04-06,16.03,100.0
1594,REC-847417,12296,L'originale,Bret's,30 g,France,2025-01-24,16.19,30.0
1595,REC-984143,10677,"Crackers Aux graines de courge, lin et sésame",Carrefour,175 g,France,2024-09-10,11.4,175.0
1596,REC-116729,5649,Chips Pom'Lisse,"Marque Repère, Pom'Lisse",200 g,France,2025-06-04,16.51,200.0
1597,REC-118132,14332,Rocher Suchard noir (7 x 35g) 245 g e,"Suchard,Suchard rocher",245 g,France,2024-07-28,8.23,245.0
1598,REC-515635,13485,Kinderriegel,"Ferrero,Kinder",378 g,"Autriche,France,Allemagne,Suisse",2024-10-05,4.98,378.0
1599,REC-839852,10772,Lightly Salted Tortilla Chips,CO OP,200 g,"France, en:united-kingdom",2025-01-24,9.07,200.0
1600,REC-899897,5645,M&M's - peanut,"M&m's, Mars, Mars Chocolat, Mars Chocolat France",500 g,"France,Suisse",2024-10-28,5.71,500.0
1601,REC-309726,12564,Toasting Muffins,Unknown,256g (4),United Kingdom,2024-12-14,17.9,256.0
1603,REC-282639,13493,chocolat brownie,Milka,180 g (6 x 30 g),"Belgique,France",2024-08-23,14.82,180.0
1605,REC-118285,10381,Kinder Bueno Mini,Kinder,108 g,"Belgium,France,Spain",2024-11-09,3.97,108.0
1606,REC-274883,6628,Butterkeks Petit beurre,Schär,165unknown,"France, Germany, en:morocco",2026-01-31,11.33,165.0
1608,REC-463087,7560,Primizie,Unknown,700 g,"France, Italy, Germany",2025-10-17,2.75,700.0
1609,REC-346480,5746,Crunchy Avena y Miel,"Nature Valley,General Mills",210 g (5 x 42 g),"Portugal,España",2026-01-23,20.47,210.0
1611,REC-629911,8800,Classic,Lay's,8 OZ (226.8 g),United States,2025-04-20,8.64,8.0
1612,REC-835675,10442,Team up,Tiffany,24 g,Morocco,2024-07-04,14.15,24.0
1613,REC-251464,13903,Gullon cookies,Gullón,,France,2025-11-24,4.38,
1614,REC-480076,12318,"Süßes, Schokolade Edelbitter 85%","Aldi, ALDI MOSER ROTH, Moser Roth",125g,"France,Germany",2024-05-13,23.89,125.0
1615,REC-338665,11750,Croc break,"Marque Repère, P'tit Déli",300g,France,2025-04-09,10.72,300.0
1617,REC-185822,7896,"Grainéa Abricot barres aux 5 céréales Maîs,Blé, Seigle, Riz  x 6 barres",GRAINÉA,126 g,Frankrijk,2024-09-21,24.19,126.0
1618,REC-932820,5437,Tortilla Chips Avocado Guacamole Flavour,Mister Free'd,135 g,"Germany, Ireland, en:united-kingdom",2025-05-03,11.2,135.0
1619,REC-362921,9748,Gewürz-Spekulatius,"Wintertraum,Borggreve",600 g,Deutschland,2024-11-24,10.28,600.0
1620,REC-969188,9861,Organic Sea Salt Thin & Crispy Tortilla Chips,Late July,,"en:us, World",2025-09-26,18.56,
1621,REC-313371,9652,Biscuits Épeautre et Sésame,Carrefour,"170 g (3 x 56,7 g)","France, Italie, Espagne",2025-10-19,24.92,170.0
1622,REC-971893,8711,Tartines grillées craquantes au froment 250g,U,250 g,France,2024-09-15,22.74,250.0
1623,REC-290308,14599,Sour Watermelon,Candy Kittens,140 g,United Kingdom,2024-07-25,12.79,140.0
1624,REC-439794,12701,Schokolade Halbbitter,Ritter Sport,100g,"Germany, en:morocco",2025-07-28,4.13,100.0
1625,REC-263925,13938,Crunchips Paprika,Unknown,150g,Deutschland,2025-12-28,22.38,150.0
1626,REC-295417,13481,85% Cacao NOIR,Carrefour,80 g,"France, Italy, Spain, en:morocco",2024-04-26,8.96,80.0
1627,REC-498452,13496,NESTLE FITNESS Cocoa Protein Bar Multipack (,"Nestlé, Nestle fitness no added sugar protein cocoa, Nestle",4 x 20 g,"Allemagne,Espagne",2025-10-25,17.27,4.0
1628,REC-554259,11314,Mikado,"Glico, LU, Mikado, Mondelez",100 g,France,2025-09-04,14.02,100.0
1629,REC-881519,7304,Nocciolata,Rigoni di Asiago,250 g,France,2025-02-17,24.26,250.0
1630,REC-596684,7736,Dark milk chocolate with blood orange,Marks & Spencer,100g,en:United Kingdom,2024-08-01,12.48,100.0
1631,REC-577588,8792,Original Saltine Crackers,Premium,1 lb,United States,2025-09-09,1.92,1.0
1632,REC-266020,6846,Cinnamon Brown Sugar Breakfast Biscuits,belVita,1.76oz,"France, United States",2025-02-10,24.67,1.76
1633,REC-772267,11957,Organic Tortilla Chips,Unknown,40 oz,United States,2024-04-29,2.18,40.0
1634,REC-364543,8627,Bastoncini salati,Snack day,250g,"Frankreich, Litauen, Niederlande, Germany",2025-04-25,9.22,250.0
1636,REC-308580,10938,Nature Tortilla,Snack Day,300 g,"Frankrijk,Duitsland,Nederland",2026-02-04,1.86,300.0
1638,REC-951803,10221,10 pains au lait,Les PâtissadesAldi,400 g,"Canada,France",2025-06-07,23.13,400.0
1639,REC-113164,6647,Belvita Petit-Déjeuner Original,"BelVita, LU",400g,"Belgique,France,Suisse",2024-02-14,11.88,400.0
1641,REC-862062,8260,Lutti best fizz tubo 550g,Lutti,0.55 kg,France,2024-05-24,14.13,0.55
1642,REC-641701,11454,Cheetos goût fromage,Cheetos,75 g,France,2025-04-07,6.48,75.0
1643,REC-540919,11809,Biscuit Cacaoté Fourré Saveur Vanille,Gerblé,176 g,"Francia,Reunión",2025-08-09,1.28,176.0
1644,REC-949221,11012,Cookies Chocolat Noisettes,Bonne Maman,225g,"Belgium,France,Switzerland",2024-03-21,8.63,225.0
1645,REC-616247,5031,Tuiles saveur crème oignon,Bouton d'or,170 g,France,2024-04-21,17.58,170.0
1646,REC-605140,10715,Crackers 3 graines - BIO,"Chabrior, Regain",200 g,France,2024-07-04,5.8,200.0
1647,REC-903541,13160,Vico La Classique 400g,"Intersnack, Vico",400 g,France,2024-10-10,5.18,400.0
1648,REC-533561,7488,Chocolate Fitness Special K,Nestlé,"23,5 g","Belgium,France,Spain,Finland",2024-08-18,7.57,23.0
1649,REC-966633,7264,Noir quinoa soufflé,Alter Eco,100 g e,France,2024-04-03,23.24,100.0
1650,REC-875560,9194,Lightly sea salted crisps,Coop,150 g,"France,United Kingdom",2025-03-28,11.63,150.0
1651,REC-670784,13967,Soreen Malt Loaf 190g,Soreen,190 g,"France, en:united-kingdom",2024-02-16,22.19,190.0
1653,REC-527275,5384,Croissant with Cocoa Filling,7 DAYS,65 g,"Poland,Romania",2025-07-04,20.03,65.0
1654,REC-706193,12973,Belvita Muesli,"Belvita,Mondelez",300 g,"France,Poland,Romania",2025-09-10,24.89,300.0
1655,REC-927322,13805,Petit Lu beurre & sel de Guérande,LU,200 g,France,2024-05-07,13.26,200.0
1656,REC-660478,7220,prince,"Lu, Mondelez",300g,"Belgien, Luxemburg, Schweiz, Germany",2024-12-28,9.55,300.0
1657,REC-408670,11847,Leo,Milka,33g,"Belgium, France, Luxembourg, Slovenia, en:morocco",2024-08-15,4.32,33.0
1658,REC-113161,14871,Ferrero Rocher,Ferrero,375 g,"Albania,Australia,Austria,Belgium,Bosnia and Herzegovina,Croatia,France,Italy,Montenegro,Morocco,North Macedonia,Serbia,Slovenia,Switzerland,Thailand,United Kingdom",2024-03-30,10.0,375.0
1659,REC-238315,9290,Magretti,Galbusera,260 g,"en:italy, en:france",2025-11-04,8.89,260.0
1660,REC-911324,14318,Mix milk,Balconi,1pcs,"Belgium, France, Germany, en:morocco",2024-08-04,4.28,1.0
1662,REC-308966,13284,Mega Duo Doble Cacao,Gullón,500 g,"Algeria, Morocco, Spain, fr:Francia, en:france",2026-01-15,23.66,500.0
1663,REC-696383,5480,Lays Oven Baked roasted paprika,Lay's,150 gram,"Belgium,France,Netherlands",2025-03-11,8.7,150.0
1664,REC-853198,10142,karamelová pomazánka v lednici,Saveurs de nos régions,340g,"Frankreich, Germany",2025-06-08,16.86,340.0
1665,REC-145978,9537,Fig Rolls,lidl,200g,France,2025-04-26,20.88,200.0
1667,REC-989461,6751,Bio organic,Gullón,170 g,"Bulgaria,Francia,Marruecos,Rumania,España",2025-05-22,13.37,170.0
1668,REC-725479,5077,Micro Popcorn sare,Chio,80 g,"Франция,Румъния,България",2025-08-20,11.83,80.0
1669,REC-380923,10061,ready salted crisps,By Sainsbury's,6 x 25 g,en:gb,2024-09-24,19.97,6.0
1670,REC-809940,12349,Fruit & Seed Oatcakes on the go,Unknown,,United Kingdom,2024-07-15,1.47,
1672,REC-749978,14606,Grenada,"J.D. Gross, Lidl",100 g,"Deutschland,Vereinigtes Königreich,en:germany",2024-12-08,9.71,100.0
1673,REC-435053,8868,Barres Granola au sirop d'érable,Crownfield,252 g (6 x 42g),"United Kingdom, en:france",2024-05-24,17.17,252.0
1675,REC-470270,13664,Chicles hierbabuena,Hacendado,100 g,"Marruecos,España",2024-05-07,14.23,100.0
1676,REC-336409,5511,Chips à la crevette,Suzi Wan,50 g,"France, en:italy",2025-02-08,21.26,50.0
1677,REC-678154,11417,Monster Munch Crazy Goût Crème Oignon,"Intersnack, Vico",150g,en:fr,2024-09-04,2.7,150.0
1678,REC-560466,6280,Baked Sea Salt,Walkers,6x22g,United Kingdom,2025-11-04,6.32,6.0
1679,REC-726977,5560,Muffins,Unknown,,en:Morocco,2024-12-30,16.57,
1680,REC-562193,10067,Lay's Paysanne saveur oignons de Roscoff caramélisé,"LAY'S, Lays",120 g,Frankreich,2024-08-22,7.93,120.0
1681,REC-418321,13314,Paprika,Pringles,185 g,"Spain, United Kingdom, en:italy",2024-11-01,10.68,185.0
1682,REC-624005,12396,Tablette de Chocolat Noir Excellence Pailleté Dentelle,Unknown,100 g,France,2025-03-07,12.36,100.0
1684,REC-284514,11871,Petit dej’ pepites de chocolat & miel,Gerblé,132 g (3 sachets de 3 biscuits),France,2024-03-06,11.31,132.0
1685,REC-162086,6398,Chocolat noir 70% cacao,Lidl,6 x 30 g,"France,Suisse",2025-05-23,19.84,6.0
1686,REC-523299,8641,Roasted Pistachios,"The Foodie Market, Aldi, Aldi The Foodie Market",200g,United Kingdom,2024-04-28,19.76,200.0
1687,REC-704408,13666,protein bar caramel,"Nākd, Nakd",45g,"United Kingdom, en:netherlands",2024-04-01,15.12,45.0
1688,REC-608717,11578,Rosemary & Sea Salt Flatbread Thins,Rivercote,125 g,en:United Kingdom,2025-06-07,7.74,125.0
1689,REC-533848,14633,P'tit Gouter,It,52g,Morocco,2025-02-16,8.4,52.0
1691,REC-281034,10067,Chocolate and Hazelnut Cake,Shär Gluten-Free,180 g,"France,Monaco",2025-08-15,2.59,180.0
1693,REC-660776,8703,Jammie dodgers raspberry flavour,Unknown,140g,"France, United Kingdom",2025-03-22,12.88,140.0
1694,REC-270756,13511,Barre pâtissière aux œufs frais,Unknown,800 g,France,2025-05-30,10.91,800.0
1695,REC-677323,9539,Excellence Milk Sea Salt Caramel,Lindt,,"Australie,France,Royaume-Uni",2024-12-25,11.08,
1696,REC-523713,12802,Rotella,Haribo,300g,"Francia,Suiza",2025-03-29,3.18,300.0
1697,REC-480368,11259,Galettes au bon beurre,St Michel,520 g,France,2024-08-04,6.25,520.0
1698,REC-213646,6733,La madeleine Bio,Bjorg,225 g,France,2024-10-12,10.37,225.0
1699,REC-718928,7499,Cookies bio quinoa pépites chocolat paquet de 175g,Unknown,175 g,France,2025-05-25,6.35,175.0
1700,REC-770218,10206,Brioche tressée pur beurre 800g,La boulangère,800 g,France,2025-05-29,3.56,800.0
1701,REC-684462,9477,Chips paysannes nature,"Marque Repère, Pom'Lisse",150 g,"Frankrijk,Réunion",2025-08-28,13.38,150.0
1702,REC-358374,11840,Petit beurre nature,Bisson,150 g,France,2024-08-14,19.31,150.0
1703,REC-357252,5798,Chocolat noir Gingembre confit,ethiquable,100 g,France,2025-02-07,13.89,100.0
1704,REC-746500,6227,Milchschnitte,"Kinder, Ferrero",140 g (5x28g),"Österreich,Deutschland,Ungarn,Rumänien,Schweiz",2025-12-19,14.87,140.0
1706,REC-441814,12186,38G SKITTLES SACHET,Mars norge as,,"Bulgaria, France, Germany, Romania, en:ukraine",2025-12-25,15.89,
1707,REC-461096,8348,Fruit & Oat Bakes apple,Unknown,210 g,"France, en:united-kingdom",2024-10-25,11.8,210.0
1708,REC-689540,14734,Walkers Salt & Vinegar crisps 6 Pack - OUTER PACKAGING ONLY,Walkers,6 x 25 g,"France, en:united-kingdom",2025-08-29,9.89,6.0
1710,REC-819471,5267,Urban Fruit Snack Pack Strawberry,smashing strawberry,35g,"France, en:united-kingdom",2024-09-07,23.99,35.0
1711,REC-404392,13108,Start,saïda,250 g,"France,Tunisie",2024-04-30,22.71,250.0
1712,REC-589532,8496,Kit Kat 2 Finger Milk Chocolate Biscuit Bars,Nestlé,,"France,Royaume-Uni",2024-07-31,19.8,
1713,REC-592505,6087,Milka au lait du pays alpin,Milka,3 x 100g,France,2025-08-02,11.41,3.0
1714,REC-388107,14151,Crackers cereali antichi,Misura,350g,"France,Italie",2025-05-19,24.15,350.0
1715,REC-221970,11259,Lindor Lait,Unknown,337 g,"France,Allemagne",2025-01-24,11.28,337.0
1716,REC-717375,14227,Tortilla Nachips,Unknown,300g e,"France, en:united-kingdom",2025-08-16,10.0,300.0
1717,REC-648523,12637,Chocolate negro 82%,Valor,170 g,"France,Spain",2025-03-20,1.11,170.0
1718,REC-405076,7744,Twins chocolate,Gullón,42g,"Algeria,France,Spain, en:morocco",2024-02-09,1.61,42.0
1719,REC-922293,13136,La Galette gourmande chocolat noir,St Michel,121 g,"France,Morocco",2026-01-11,11.27,121.0
1720,REC-318216,7278,Tacos,"fritosa,",20g,"Maroc, en:morocco",2025-03-05,17.78,20.0
1721,REC-722710,14090,Conikos Goût Chili,"Conikos,LeaderFood",30g,Morocco,2024-08-03,14.61,30.0
1722,REC-199530,7276,Oat cookies milk chocolate,"Sondey,Lidl",,"Bulgaria,France,Czech Republic",2024-10-01,5.01,
1723,REC-709097,6887,Gluten Free Oaties Syrupy & Crumbly,Unknown,160g,United Kingdom,2024-06-30,10.04,160.0
1724,REC-590297,8041,Protein Bar - Muscle Mass - Caramel Cookie Flavor,Unknown,60 gram,France,2024-10-18,24.39,60.0
1725,REC-408468,13382,Tvarohová tyčinka Protein,"Milbona, Pilos",40g,"Horvátország,Németország,Litvánia,Magyarország",2025-10-01,19.68,40.0
1726,REC-264084,10268,Lays paprika,Unknown,,"Belgium, en:netherlands",2025-11-07,9.61,
1727,REC-707308,13091,maltesers,Maltesers,102g,United Kingdom,2024-02-26,21.72,102.0
1728,REC-927863,9963,Strawberry,Unknown,,"Bosnia and Herzegovina, Bulgaria, Croatia, Montenegro, Romania, Serbia, Slovenia, en:morocco",2025-12-11,7.04,
1729,REC-188356,11678,Cranberries dried & sweetened,Alesto,250 g e,"France, en:romania",2024-04-14,8.58,250.0
1731,REC-802461,11965,Rye Sourdough Crackers,M&S,130g,en:United Kingdom,2024-10-03,16.14,130.0
1732,REC-938306,5758,CRACKS,Unknown,,en:ma,2024-09-21,8.72,
1733,REC-211192,10673,Brioche Pépites de Chocolat,PITCH,300 g,France,2024-05-03,14.3,300.0
1734,REC-712813,7216,Crunchy Chocolat 🍫 au Lait 🥛🐄,Nature Valley,8 x 20 g,"France,Poland",2025-04-23,23.87,8.0
1735,REC-300048,11972,Lentil Chips,Snackrite,5 x 15g,en:gb,2025-09-01,15.36,5.0
1736,REC-301338,12076,Privolat,Misura,,en:it,2025-03-01,14.01,
1737,REC-148012,10565,"Protein Peanut, Chocolate & Berries",Nature Valley,,"Francia,España,Reino Unido",2024-04-05,8.07,
1738,REC-942276,10937,Zartes Blätterteiggebäck,Sondey,100 g,"Germany,France",2025-01-29,14.11,100.0
1739,REC-434443,7467,Patatas Fritas Extra Crunch,Hacendado,150 g,"Portugal,España",2025-08-10,6.63,150.0
1740,REC-888507,8745,Chips de lentilles,Vico,85 g,France,2025-08-02,2.92,85.0
1742,REC-196930,10252,"Protein Peanuts, Almonds &amp; Salted Caramel Fruit &am",Eat Natural,40 gram,United Kingdom,2024-08-15,19.68,40.0
1745,REC-926063,7057,Gâche tranchée pur beurre 400g,La Boulangère,400 g,France,2024-09-06,6.39,400.0
1746,REC-562451,12630,Aussie Bites,Universal Bakery,30 oz,"Canada,United States",2025-05-21,8.61,30.0
1747,REC-117941,9141,Schokobutterkeks Zartbitter,Unknown,125g,"Finland,Frankrijk,Duitsland,Italië,Nederland,Verenigd Koninkrijk",2025-04-15,15.71,125.0
1748,REC-259952,12952,Lindt chocolate negro Limon con Gengibre con amandes,Lindt&Sprüngli,100 g,"France,Allemagne,Maroc,Pays-Bas,Suisse",2024-09-09,9.94,100.0
1749,REC-231257,11364,Biscuit Crousti Pause choco noisette ss gluten,Gerblé,125 g,France,2025-03-18,17.46,125.0
1750,REC-294681,5507,"Biscuits Galettes pur beurre bio , 125g","U,U Bio",125 g,France,2024-10-25,18.35,125.0
1751,REC-809928,9255,Biscuits bio épeautre et sésames paquet de 150g,"U, U Bio",,France,2024-07-09,3.62,
1752,REC-876279,12166,Croissants,"Brioche Pasquier,Pasquier",320 g,France,2025-12-13,23.42,320.0
1753,REC-755308,9720,Pains au chocolat format familial,Brioche Pasquier,720 g,"France,Suisse",2024-04-14,18.12,720.0
1754,REC-615123,14598,Curly Donuts,Vico,100g,France,2024-03-20,17.69,100.0
1755,REC-840145,13002,Chips de lentilles aux petits oignons,Jardin bio,50 g,France,2025-05-20,1.4,50.0
1756,REC-784546,6826,Brossard - mini brownie choco pepites,Brossard,240 g 8 × 30 g =,"Frankreich, Schweiz, Germany",2026-01-17,15.66,240.0
1758,REC-666118,8053,Pain d'épices,"Jardin Bio, Jardin biologique, LEA Nature",300 g,"France,Réunion",2024-12-12,17.39,300.0
1759,REC-675310,5295,Merci : Milk Chocolate синий смотка,"Merci, Storck",250g,"Болгария,Франция,Германия,Венгрия,Румыния,Швейцария,Россия",2024-08-21,11.92,250.0
1760,REC-246477,14773,Puffreis mit Schokolade,NIPPON,200g,"France,Allemagne,Italie,Suisse",2024-06-06,7.63,200.0
1761,REC-624042,14013,Cream Crackers Crispy Crackers,Jacob's,200 g,"França,Alemanha,Portugal,Espanha",2024-12-22,9.96,200.0
1762,REC-266711,6408,Cheese & Onion,Pringles,165 g,"Croatia, France, Romania, en:morocco",2024-04-15,9.57,165.0
1763,REC-287637,11759,Cacao & Almond Oat Bar,Deliciously Ella,50g,"France, en:united-kingdom",2024-10-07,10.59,50.0
1764,REC-911612,5751,LOTUS Gaufre de Liège Perles de sucre Format Familial 450g (10x1p),Lotus,450 g,"France, en:lu",2025-06-23,14.63,450.0
1765,REC-722495,13275,Galette senior,Bimo,,Algérie,2024-06-27,8.69,
1766,REC-281338,8612,L'Original Lait,"Côte d'Or,Mondelez",300 g (3 * 100 g e),France,2025-11-22,21.75,300.0
1768,REC-213299,5486,CRUNCH (lot de 2),"Nestlé, Crunch",200 g,France,2026-01-18,16.92,200.0
1769,REC-166854,14439,Kinder Schokolade,Kinder,300 g,"Austria, Belgium, France, Germany, Italy, Switzerland, en:bulgaria",2024-03-10,24.79,300.0
1770,REC-499463,6980,Mix Max,Balconi,350 g (10 x 35 g),"Australia, Canada, France, Germany, en:morocco",2024-12-03,18.42,350.0
1771,REC-528478,5190,ColCuore,Galbusera,300 g,"Francia,Italia",2024-05-23,16.81,300.0
1772,REC-545836,14539,Kaskys,Tosfrit,40g,"France, en:morocco",2024-03-16,12.06,40.0
1773,REC-475712,11474,TostaRica Choco Guay,Unknown,,"Francia,Marruecos,España",2024-07-18,4.17,
1774,REC-960157,9215,Scottish Seeded Oatcakes,Rivercote,250g,France,2025-02-25,20.68,250.0
1775,REC-486028,10205,Protein Bar Muscle Mass,Unknown,,"en:france,en:belgium",2024-09-12,9.7,
1776,REC-372031,13167,Noix de cajou salées,snacks of the world,150 g,"France, en:morocco",2024-04-08,16.67,150.0
1777,REC-512536,6306,Smart Price Lightly Salted Tortilla Chips,Asda,180g,United Kingdom,2024-02-18,5.69,180.0
1778,REC-828165,9006,Leader chips sel,Leader food,,en:Morocco,2024-07-17,4.43,
1779,REC-887070,6548,CereAlé Noisette,Unknown,204 g,France,2024-11-08,6.61,204.0
1780,REC-109915,12350,Cookilate,Florbú,,"Marruecos,España",2024-12-24,13.91,
1781,REC-317779,10106,KINGSIZE PEANUTS Salted,Snacks of The World,375 g,"Belgium, France, Germany, Poland, en:morocco",2025-02-12,11.05,375.0
1782,REC-822511,8288,Knoppers,Storck,,"Romania, en:morocco",2025-06-18,22.68,
1784,REC-474884,11263,Beignet chocolat noisette x 6,Brioche Pasquier,270 g,France,2025-05-31,7.82,270.0
1785,REC-530633,10668,Dark Chocolate Gingers,Border,150 g,"Royaume-Uni,en:united-kingdom",2024-03-22,20.47,150.0
1786,REC-565108,5838,Oatcakes,Asda,250g,United Kingdom,2025-11-04,1.9,250.0
1787,REC-834522,11391,Lindor noir 70%,"Lindt, Lindt & Sprüngli",,France,2025-04-04,5.94,
1788,REC-374089,10854,Crinkle Cut Sea Salt & Chardonnay Vinegar Hand Cooked Crisps,Tesco,,en:gb,2024-08-14,8.57,
1790,REC-184966,13867,Noir extra fondant,Lindt,100 g,"France,Taiwan",2024-09-26,18.7,100.0
1792,REC-569488,7725,Crispy Biscuit Slices,McVitie's,174g,en:gb,2024-09-23,10.1,174.0
1793,REC-169626,11356,Cocoa sandwich biscuits with vanilla flavoured crème filling,Tower Gate,,"Чехия,Франция,Германия,Италия,Обединено кралство Великобритания и Северна Ирландия,България",2025-06-20,18.8,
1795,REC-331462,11555,Savoiardi,Schär,200 g,France,2024-03-23,16.77,200.0
1796,REC-627101,5903,Original Stapelchips,Snack Day,170 g,"França,Espanha",2025-10-16,24.99,170.0
1797,REC-433103,8611,Cacahuètes grillées à sec,Alesto,150g,France,2024-11-21,5.14,150.0
1798,REC-101499,5263,Grany Chocolat 5 céréales,Unknown,"208 g (10x20,8 g)",France,2025-06-01,16.07,208.0
1799,REC-742367,11642,Sticks d'Alsace 200g,Dr. Oetker,200 g,France,2025-04-02,1.13,200.0
1800,REC-894827,10123,Special K - Céréales chocolat noir,Kellogg's,21.5 gram,"Belgium,France,Switzerland",2025-03-30,20.49,21.5
1801,REC-647064,5509,Biscuits son d'avoine,Gerblé,,"France,Suisse",2025-12-03,22.38,
1802,REC-812771,5428,Biscuit fondant choco lait,Gerblé,126 g,Francia,2025-09-05,17.1,126.0
1804,REC-464831,9546,Galettes Bretonnes Spécialité de Pont-Aven au beurre,Reflets de France,,"France,Italy,Spain",2024-02-08,19.13,
1805,REC-383525,9827,Chocolat noir dégustation 72% de cacao Tablette de 100g,U,100 g,France,2025-08-12,3.03,100.0
1806,REC-732567,14281,Chips paysanne nature,U,,France,2024-05-10,12.18,
1807,REC-423178,12254,Chocolat noir à pâtisser Tablette de 200g,U,200 g,France,2025-03-22,16.7,200.0
1808,REC-365837,10357,Brioche Tressée Tranchée Nature,Brioche Pasquier,500 g,France,2025-03-28,13.34,500.0
1809,REC-874145,6418,Mon taboulé au poulet à la ciboulette,Unknown,500 g,"France,en:france",2024-07-15,10.84,500.0
1810,REC-673640,6439,Crêpe Dentelle Chocolat au lait,Unknown,90 g,"Ranska,Sveitsi,Suomi",2025-05-01,1.62,90.0
1811,REC-245644,13760,Chips lentilles,"Jardin Bio étic,Jardin bio,Léa Nature",,France,2024-05-10,23.93,
1812,REC-694391,10758,Chips les natures craquantes,Bret's,250g,France,2025-12-23,2.25,250.0
1813,REC-348151,7037,"Sablés au beurre, amandes et citron","Carrefour BIO, Carrefour",200 g,"Belgique,France",2024-11-17,8.06,200.0
1814,REC-699551,10641,Stylesse Chocolat Noir,Carrefour,300 g,"France,Italie,Maroc,Pologne,Espagne",2024-06-12,4.33,300.0
1815,REC-831048,7204,Cacahuètes Grillées et Salées,"Marque Repère, Tokapi",500 g,France,2024-10-18,2.54,500.0
1816,REC-649653,13376,Chips nature Maxi Format,"Marque Repère, Pom' Lisse, Pom'Lisse",,France,2024-05-23,12.54,
1817,REC-939057,6148,280G MICHOKO NOIR,La Pie Qui Chante,280 g,Francia,2025-04-05,24.17,280.0
1819,REC-752927,10694,Kinder Pingui Schoko 4er-Packung,Ferrero,120 g,"Belgique,France,Allemagne,Italie,Suisse,Royaume-Uni",2024-11-02,4.87,120.0
1820,REC-444881,11235,"Veggie Straws - With Kale, Tomato & Spinach",Eat Real,113g,"France,Germany,United Kingdom",2024-12-08,1.52,113.0
1822,REC-619927,13487,Belgian Chocolate Guylian Seashells,Unknown,250g,"Australia, Austria, Belgium, France, Switzerland, en:united-kingdom",2024-03-26,8.95,250.0
1823,REC-261498,10571,chocolat noir uganda,Cachet,,"Belgium,France",2024-03-07,12.94,
1824,REC-968580,10620,Biscuit Fourré à la crème goût chocolat,Kif,130 g,"France,Tunisie",2026-01-16,11.39,130.0
1825,REC-161923,7368,Delicate Crisp Rosemary & Sea Salt,"Wasa, Wasa - Tasty Snacks",190g,"Austria,Belgium,Germany,Netherlands,Switzerland",2025-05-06,6.79,190.0
1826,REC-323873,13205,Creme Egg,Cadbury,200g,"France,United States,United Kingdom",2024-07-27,13.77,200.0
1827,REC-817350,7570,Oreo Sjokoladetrukket 246 g,Mondelez Norge AS,,"Belgique,Danemark,Finlande,France,Grèce,Irlande,Italie,Maroc,Pays-Bas,Norvège,Suède,Royaume-Uni",2025-03-25,8.64,
1828,REC-285293,12488,Lindor Assorted Chocolate Truffles Box,"Lindt, Lindt & Sprüngli, Lindor",200g,United Kingdom,2024-12-06,6.55,200.0
1829,REC-312217,11754,Dulcesol snack cacao,Gateau,,"France,Maroc,en:morocco",2025-11-18,10.15,
1831,REC-517930,11151,Lays Classics Salted 20rs,Lay's,,Inde,2025-05-01,6.63,
1832,REC-661881,13249,Novellini,Italiamo,350 g,Switzerland,2025-10-11,15.93,350.0
1833,REC-502336,5314,Coconut & Chia Oat Biscuits imp,Nairn's,200 g,en:GB,2026-01-13,8.82,200.0
1834,REC-832319,5647,CréXy,Unknown,,"Senegal, en:morocco",2025-03-08,14.78,
1835,REC-803423,10754,Salt & Shake Potato Crisps,Walkers,24 g,en:gb,2025-06-24,2.17,24.0
1836,REC-234551,11802,Pains au lait,Brioches Fonteneau,280 g (8 x 35 g),France,2025-05-05,12.0,280.0
1837,REC-425941,7480,Thins Cheddar & Pepper,Savour Bakes,125 g,en:gb,2024-06-17,11.23,125.0
1838,REC-133406,9705,All Natural Nut Bar,2KEEP,3 x 30 g,France,2025-11-28,21.12,3.0
1839,REC-834815,12827,Gianduja Noir Éclats de Noisettes,Ethiquable,100 g,France,2024-06-19,4.2,100.0
1840,REC-328296,9151,APPLIES + BLUEBERRIES MINI FRUIT BAR,That's it.,480g,United States,2024-03-04,19.62,480.0
1841,REC-988381,5604,85% cacao collection,Trapa,85 g,"Spain, en:morocco",2025-08-09,19.42,85.0
1842,REC-496103,10133,Nachos Tex-Mex,Hacendado,150g,Spain,2025-06-10,6.78,150.0
1843,REC-125764,13073,Organic Peruvian 70% cocoa dark chocolate,Unknown,,United Kingdom,2025-08-26,3.93,
1844,REC-597052,11199,Pistachios Roasted & Salted,Alesto,500 g,"Italy, en:romania",2024-03-06,13.27,500.0
1845,REC-758907,9333,Chocolat 100% République Dominicaine,Unknown,,France,2024-10-20,13.54,
1846,REC-485097,12291,Salt And Vinegar Flavour Peanuts,KP,225 grams,en:United Kingdom,2025-05-08,23.78,225.0
1847,REC-114225,13553,Chips paysanne nature,Carrefour,150 g,France,2024-04-09,4.21,150.0
1848,REC-466727,9459,merendina double choco 36g,bimo,36 g,en:ma,2024-10-04,12.5,36.0
1849,REC-275066,8945,Almond Flour Crackers Fine Ground Sea Salt,Simple Mills,2 x 10 oz,"United States, World",2024-08-15,9.78,2.0
1850,REC-830505,8833,All Butter Shortbread Fingers,Morrisons,210 g,en:gb,2024-03-08,19.31,210.0
1851,REC-806107,14345,La madelein coeur chocolat,Bonne Maman,,France,2024-07-08,14.69,
1852,REC-123390,7316,Bonbons aux plantes des Alpes suisses Cassis,Ricola,50 g,France,2025-10-02,23.58,50.0
1853,REC-214055,12736,NOIR 80% Cacao Equateur,Carrefour BIO,100 g,"France, en:morocco, Italie, Espagne",2025-08-02,21.92,100.0
1854,REC-298530,10033,Guet Apens,"LU, Mondelez",105 g,France,2025-01-14,4.58,105.0
1855,REC-866392,5921,Protein cookie,Bodymass,75 g,France,2024-11-18,5.92,75.0
1856,REC-742480,9024,"Snack balls figues, graines de chia, noix",Vemondo,144g e,"France, Germany, en:austria",2024-05-07,11.58,144.0
1857,REC-545649,11120,Lightly salted hand cooked potato crisps,Lidl,150 g,en:gb,2024-10-21,19.3,150.0
1858,REC-941169,5375,Ancora Uno Frolla con Cioccolato in pezzi,Tremarie,360 g,"France, en:italy",2025-11-01,20.79,360.0
1859,REC-997813,11181,Kaugummi WRIGLEY'S Extra Fresh Strong Mint (blau) 70g Dose,"Mars GmbH,Wrigleys",,Deutschland,2025-03-30,4.01,
1860,REC-271656,9802,Jaffa cakes,"McVitie's,McVities",,"Ireland,United Kingdom",2025-08-06,7.5,
1861,REC-255667,10300,Doritos saveur Barbecue,Doritos,160,en:fr,2024-03-02,7.65,160.0
1862,REC-567322,14775,Vollmilch extra cremig 30%,"J.D. Gross, Lidl",125 g,"France, Germany, en:united-kingdom",2024-10-18,15.19,125.0
1863,REC-182393,13278,Takis Queso Volcano 100g,"Barcel, Takis",,"Germany, Ireland, en:france",2024-11-24,11.44,
1864,REC-100659,7767,Bio biscuits à l'avoine,Sondey,200g,France,2025-07-26,22.79,200.0
1865,REC-824368,13005,High protein milk chocolate crisp,Fincarre,90g,"Netherlands, Romania, en:united-kingdom",2024-12-16,18.56,90.0
1866,REC-296278,5447,Celebrations,Mars Foods,550 g,"Morocco,United Kingdom",2024-12-04,2.36,550.0
1868,REC-595991,6850,Goldfish,Pepperidge Farm,6.6 oz (187 g),"France,Mexico,United States",2024-12-20,3.5,6.6
1869,REC-356909,14164,Peanut Butter Dark Chocolate Chewy Bar,Nature Valley,40 g,"France,États-Unis",2024-10-26,17.3,40.0
1870,REC-741800,13308,Blueberry,RXBAR,52 g,United States,2026-01-12,21.58,52.0
1871,REC-402605,13368,Pains d'épices chocolat noir,"Aachener Zucker und Backwaren Paul Schaeffer, Favorina, Lidl",,"Allemagne,France",2024-07-28,4.65,
1872,REC-878739,14063,Madeleines,"Délices de Kerloch, Sondey",500 g,"France,en:france",2025-06-28,2.25,500.0
1874,REC-856664,7265,Chocolat noir à la pointe de sel,J.D. Gross,125 g,"República Checa,França,Espanha,Portugal",2025-11-13,5.12,125.0
1875,REC-226531,6538,Pains au chocolat,Maitre Jean Pierre,450 g,France,2024-08-27,12.56,450.0
1876,REC-315687,10253,Pockitos Chocolat au lait,"Lu,Mondelez,Pépito",295 g,"France,La Réunion",2025-07-02,15.03,295.0
1877,REC-197124,6049,Box Best of,"Belin, Mondelez France, Mondelez International",205 g,"France,Switzerland",2025-01-11,20.44,205.0
1878,REC-720028,5182,Création Praliné feuilleté,Lindt,150 g,Francia,2025-06-14,16.17,150.0
1880,REC-776509,10829,Mao Croqui,Haribo,,France,2024-09-29,22.91,
1882,REC-700054,11108,Lay's 3D's Bugles goût cacahuète,Lay's,85 g,Frankrijk,2025-01-31,6.5,85.0
1883,REC-414510,6009,Bénénuts cacahuètes grillées & salées,Bénénuts,,"France,États-Unis",2024-09-24,1.16,
1884,REC-532694,7920,"Gerblé - Sugar Free Orange Chocolate Chip Shortbread, 132g (4.7oz)",Gerblé,100 g,France,2025-11-15,8.14,100.0
1886,REC-535318,11744,Le Veggie Snack poppé aux légumes,Too Good,85 g,France,2025-11-18,14.16,85.0
1887,REC-814183,13433,Madeleines extra moelleuses,Unknown,400 g e (16 * 25 g),France,2025-05-01,6.24,400.0
1888,REC-183927,6897,Quatre-Quarts pur beurre,Ker Cadélac,500 g,Francia,2025-12-01,7.14,500.0
1890,REC-492841,10931,8 pains au chocolat,Carrefour,360 g,France,2025-07-29,7.21,360.0
1891,REC-905371,7755,Tortillas chips nature,Carrefour,,"Frankrijk,Italië,Polen,Roemenië,Spanje",2024-08-21,18.61,
1894,REC-122946,5119,Vico pop corn baff caramel,Unknown,100 g,France,2025-05-03,4.12,100.0
1895,REC-426186,7246,Mars glacé,Mars,250.8 g (6 × 41.8 g) e,"Bélgica,Francia,Alemania,Suiza",2025-05-27,13.17,250.8
1896,REC-750895,10059,Walkers Cheese & Onion Crisps 6pk,Walkers,6pk,United Kingdom,2025-10-06,24.93,6.0
1897,REC-975007,14456,Almond & Apricot Bars,Eat Natural,3 x 50g,"Belgium,France,United Kingdom",2025-10-25,8.68,3.0
1898,REC-881009,9326,Twirl Chocolate Bar,Cadbury,,"France, United States, en:united-kingdom",2025-10-12,20.12,
1899,REC-592773,13959,OATIES,TESCO,,"France, United Kingdom, en:ireland",2025-08-13,21.3,
1900,REC-858419,8694,Pringles Cheese & onion,PRINGLES,165g,"France,Allemagne,Martinique,Maroc,Espagne",2026-01-28,21.03,165.0
1901,REC-293786,9063,Love corn smoked bbq imp,Love Corn,45g,"France, en:united-kingdom",2025-05-13,14.3,45.0
1903,REC-960640,6302,180G C OR LT RAISIN NOISET,Côte d'Or,180 gr,France,2024-08-27,18.1,180.0
1904,REC-556090,5071,Dairy Milk,Cadbury,110 gram,"France, United States, en:united-kingdom",2024-08-05,1.34,110.0
1905,REC-896689,10023,Brioss,Kinder,,"Francia,Italia,Svizzera",2025-05-22,14.76,
1907,REC-955170,9514,Vitalday Crocant Chocolate,Gullón,280 g,"Portugal,España",2024-03-30,24.54,280.0
1909,REC-950203,12120,Barritas muesli chocolate,Hacendado,138 g,Spain,2025-03-30,17.87,138.0
1910,REC-834363,8967,Garlic bread,BECKY'S,150 g,"France,Czech Republic",2025-12-16,21.7,150.0
1912,REC-127214,13611,Tentation,Aiguebelle,100g,"France,Morocco",2025-03-01,17.34,100.0
1913,REC-916183,10405,Barrette arachidi e cioccolato al latte,crownfield,"96 g, 4 barres de 24 g","France,Spain",2024-06-21,21.34,96.0
1914,REC-314017,5730,Chips,Unknown,,"France, Spain, en:morocco",2024-03-14,16.16,
1915,REC-231756,7090,WR Shortbread Fingers 200g,Unknown,200 g,"France,United Kingdom",2024-03-01,4.18,200.0
1916,REC-134748,11048,Organic Oatmeal Dark Chocolate,Unknown,22 oz,United States,2024-03-09,10.21,22.0
1917,REC-457256,6237,Sea Salt Chocolate,Moser Roth Aldi,,United Kingdom,2024-05-31,7.82,
1918,REC-949000,9092,Dark & Salted Caramel Vegan Chocolate,raw halo,7ชิ้น,en:gb,2024-12-11,7.54,7.0
1919,REC-109016,8773,Bonbons aux plantes,Ricola,50 g,France,2025-04-24,17.16,50.0
1920,REC-842658,5290,Leader chips,Unknown,,en:ma,2025-01-27,7.63,
1922,REC-882957,7169,Apple & Cinnamon Porridge Oat Bars,"Crownfield, Lidl",,United Kingdom,2024-02-10,12.51,
1923,REC-618241,11518,briochettes aux pépites de chocolat au lait,maître Jean Pierre,500 g,France,2024-07-30,9.83,500.0
1924,REC-281837,11573,ALL BUTTER CROISSANTS,taste THE DIFFERENCE,,United Kingdom,2024-10-17,17.11,
1925,REC-153948,10919,avoine chocolat,"Karéléa, Léa Nature",150 g,France,2024-05-17,3.86,150.0
1926,REC-116839,13509,Giant buttons,Montezuma’s,,en:United Kingdom,2025-09-04,9.88,
1927,REC-176220,13140,Silvia duo,Excelo,,en:ma,2026-02-02,9.28,
1929,REC-237575,10631,Haribo dragolo,Unknown,750 g,France,2025-03-09,9.85,750.0
1930,REC-329651,11948,Brunch bar raisin,Cadbury,32g,en:United Kingdom,2024-07-26,15.72,32.0
1931,REC-709697,10882,Cocktail sans sel ajouté,Carrefour,120 g,"France,Espagne",2025-11-27,21.33,120.0
1932,REC-506257,14183,Harvest Snaps Lightly Salted Crispy Baked Veggie Snacks,Calbee,20.0 OZ (1.25 LB) 567g,"en:us, World",2024-09-16,15.41,20.0
1933,REC-204100,6302,Oaties,Nairn's,160 g,United Kingdom,2024-09-30,10.29,160.0
1934,REC-235548,6150,Graze cocoa vanilla,Unknown,50g,en:gb,2024-02-25,14.97,50.0
1935,REC-912543,5914,Patatas fritas sabor campestre,Hacendado,150g,España,2024-04-26,17.85,150.0
1936,REC-569021,8333,Petit ourson guimauve,CEMOI,170 g,France,2025-07-13,9.87,170.0
1937,REC-239025,6226,Takis Dragon Sweet chilli,Takis,92.3g,"Germany, Romania, United States, en:united-kingdom",2025-01-20,17.31,92.3
1938,REC-260077,11755,Skittles Taste The Rainbow Fruits,Mars,136g,"Marokko, Vereinigtes Königreich, Germany",2024-07-12,3.71,136.0
1939,REC-365239,9505,Oreo White Protein Bar,Grenade,60g,"Vereinigtes Königreich, Germany",2024-12-26,1.13,60.0
1941,REC-817002,12841,Oreo,Unknown,43.75g,India,2024-09-18,20.11,43.75
1942,REC-189159,13365,Mini tartelettes,Unknown,250 g,France,2025-12-15,13.77,250.0
1943,REC-970492,7139,Crunchy Cookies,Kinder,8 x 17 g = 136 g,"Frankreich, Germany",2024-08-31,4.76,8.0
1944,REC-613132,7615,Cantuccini alle mandorle,"ITALIAMO, Lidl Realforno, Realforno, Lidl",300g,"France,Germany,Switzerland",2025-03-21,11.24,300.0
1945,REC-857303,9481,Pain d'Épices aux Fruits,Deluxe,400 g,France,2024-03-26,18.62,400.0
1946,REC-110909,14221,Crackers Apéritif Blé Complet,"Heudebert, LU, Mondelez",250 g,"France,Polynésie française",2025-02-19,22.57,250.0
1947,REC-792833,7940,Excellence Dark 70% Cocoa,Lindt,35 g,"France,Maroc",2025-04-01,1.03,35.0
1948,REC-220315,9356,Zanzigliss 300g,Haribo,300 g,France,2025-12-29,18.32,300.0
1949,REC-749948,9108,Biscuits Delacre Cigarettes Russes - 200g,"Delacre, Ferrero",200 g,"France,Suisse",2025-02-02,4.04,200.0
1950,REC-374713,13698,Galette maïs chocolat au lait,Gerblé,124 g,France,2024-04-11,17.62,124.0
1951,REC-575108,8985,Cake Moeles,St Michel,500 g,France,2025-02-01,9.46,500.0
1952,REC-282727,12865,LOTUS Gaufres Fourrées cœur fondant Vergeoise 310g (5x2p),Lotus,310 g,"Belgium,France",2024-04-25,8.99,310.0
1953,REC-277635,6419,Palets Bretons Spécialité de Pont-Aven au beurre,"Carrefour, Reflets de France",100 g,"France, en:ca, Italie, Espagne, Roumanie",2024-10-28,16.49,100.0
1955,REC-725125,12909,Vitality* Sésame,Unknown,,"Francia,Italia,España",2024-06-16,21.11,
1957,REC-808257,12574,Biscuit sésame BIO,"Chabrior, Chabrior Bio",,France,2024-07-07,21.16,
1958,REC-480230,10572,Biscuits Sablés bio amandes citron paquet de 200g,"U, U Bio",200 g,Frankrijk,2024-06-24,4.71,200.0
1960,REC-397859,14018,Biscuits rose de Reims,Maison fossier,250 gr,France,2025-05-05,22.09,250.0
1961,REC-483281,6658,Crackers Emmental & pipas de calabaza,Carrefour BIO,200 g,"France,Italie,Espagne",2024-09-04,21.24,200.0
1963,REC-158707,10636,Chips à la crevette,Carrefour,75 g,"France,Italie,Espagne",2025-07-22,21.09,75.0
1964,REC-503962,5250,Madeleines coquilles,"Marque Repère, P'tit Déli",600 g,France,2024-02-18,8.8,600.0
1965,REC-134302,13349,Chocolat noir dessert bio,"Bio Village, Marque Repère",200 g,France,2024-04-24,3.84,200.0
1966,REC-780500,11027,Chocolat noir intense dégustation,Alter Eco,100 g,France,2025-12-16,7.89,100.0
1967,REC-262002,10387,Chocolat au lait riz soufflé,Ethiquable,100 g,France,2025-12-18,21.79,100.0
1968,REC-760560,13477,Balisto miel amandes x10,Balisto,"185 g, 10 barres de 18.5 g","Autriche,France,Allemagne,Italie,Pays-Bas,Suisse",2024-05-23,24.11,185.0
1969,REC-622940,9705,P'tit Déj - Biscuits nappés de chocolat au lait,BN,200g,France,2024-10-04,16.15,200.0
1971,REC-459206,13428,Mature Cheddar & Red Onion Flavour Hand Cooked Crisps,Tesco,150 g,United Kingdom,2025-01-23,8.98,150.0
1972,REC-459551,7567,The Original Digestive,McVitie's,400 g,"France, Italie, Suisse",2025-05-24,16.88,400.0
1974,REC-461969,11039,Browniz,Moulin d'Or,60 g,"France, Tunisia, en:morocco",2025-05-28,22.45,60.0
1975,REC-594359,11238,Bonbons Ricola aux Plantes,Ricola,70 g,France,2025-01-19,17.81,70.0
1976,REC-680660,7317,Choco Moo,MILKA,200 g,"France, en:belgium",2025-05-06,20.83,200.0
1977,REC-315527,11665,Luflée Alpenmilch,"Milka, Mondelez",100g,"Germany, Italy, en:morocco",2025-02-18,3.0,100.0
1978,REC-708074,8505,Riso su riso croccantezza integrale,Galbusera,380 g,Italy,2025-10-27,7.11,380.0
1979,REC-914960,7458,Granetti integrali,"Barilla, Mulino Bianco",280g,"Frankreich, Italien, Germany",2025-11-07,24.06,280.0
1980,REC-600928,5117,Cookies sin glúten sin azúcares añadidos,Gullón,130 g,"Francuska,Maroko,Španjolska,Hrvatska",2026-01-23,16.42,130.0
1981,REC-526531,12808,Speculos,Lotus,,France,2025-03-02,6.97,
1982,REC-328260,11900,Chocotom,Tom,190 g,"France,Tunisie",2025-03-08,2.12,190.0
1984,REC-233927,7321,Galleta maría integral,Hacendado,800g,España,2025-12-16,8.59,800.0
1985,REC-661899,8524,DUO CRUNCH Strawberry & Yogurt,belVita,,United Kingdom,2024-02-12,18.21,
1986,REC-726163,7852,Matzos: Flame Baked Crackers,Rakusen's of Yorkshire,300 g,"France, Ireland, en:united-kingdom",2024-07-17,9.06,300.0
1987,REC-582339,8517,Croissants,Unknown,8,United Kingdom,2025-06-11,18.55,8.0
1988,REC-827812,7614,Receta Campesina,"Lay's,PepsiCo",130 g,"Portugal,España",2025-08-21,15.78,130.0
1989,REC-767435,10890,Sweet Chilli Crackers,Rivercote,100 g,en:United Kingdom,2025-05-15,19.93,100.0
1990,REC-705267,7516,Galleta crocant con copos de avena zero,Gullón,280 g,"Portugal, Spain, en:morocco",2025-08-08,14.95,280.0
1992,REC-568951,10854,Scottish Seeded Oatcakes,Aldi,250 g,United Kingdom,2024-07-04,15.17,250.0
1993,REC-816569,13437,Masala Munch,"Kurkure,PepsiCo",44g,India,2024-04-06,17.58,44.0
1994,REC-250735,12035,Cuquis,Hacendado,80g,España,2025-01-14,23.24,80.0
1995,REC-757617,11889,LOTUS BISCOFF Speculoos Fourré - Crème saveur Vanille - 150g,Lotus,150 g,"Belgium, France, Germany, Morocco, New Zealand, en:united-kingdom",2025-06-04,7.1,150.0
1996,REC-136440,13979,Magdalenas Integrales 0%,Hacendado,,"Portugal,España",2026-02-03,21.78,
1997,REC-759596,14529,Saracene,Balocco,700 g,"Italia,en:italy",2025-05-31,2.61,700.0
1998,REC-961108,6535,Savane familial chocolat noir,Brossard,310 g,France,2024-12-29,21.57,310.0
1999,REC-275926,8095,Digestive zero azúcares,Gullón,2 x 245 g,España,2025-03-26,19.09,2.0
2000,REC-177589,9352,Finest Sea Salt And Black Pepper Crisps,Unknown,"1 bag, 150g",en:United Kingdom,2025-12-29,19.01,1.0
2001,REC-445276,7810,Trident peppermint flavor,Trident,5,en:Morocco,2024-09-07,12.21,5.0
2002,REC-111010,7828,Flocons d'Avoine,Unknown,0.5 kg,"France,Monde",2025-02-15,17.81,0.5
2003,REC-272885,12736,Tendre cœur chocolat,Bonne maman,300g,"Francia,Serbia",2025-09-26,9.43,300.0
2004,REC-456735,14655,Sweet Chilli Rice Crackers,Aldi,,United Kingdom,2024-09-14,1.43,
2006,REC-948001,9616,Cracker salati con lievito madre mulino bianco,Mulino Bianco,500 g,it:en:it,2025-03-08,21.42,500.0
2007,REC-848277,6455,Cheese Flavour Potato Snacks,Walkers,6 x 16g,"France, en:united-kingdom",2024-05-25,5.05,6.0
2008,REC-229671,6852,FINGERS,"Cadbury, Fingers",20,France,2024-12-07,20.66,20.0
2009,REC-190698,10084,Goldbären,Haribo,175g,Deutschland,2024-10-01,5.25,175.0
2010,REC-321026,13459,Barres de céréales chocolat noir,Crownfield,"124,8 g",en:fr,2025-01-21,20.72,124.0
2011,REC-403580,13221,Carrot cake bars,Bear,4 x 27 g,en:gb,2024-12-12,3.73,4.0
2012,REC-687579,7812,Roasted & Salted Peanuts,Unknown,200g,en:gb,2024-08-16,22.57,200.0
2013,REC-839107,14101,Superfood Oat Bites Cocoa & Orange,Lidl,4 x 30g,en:gb,2024-04-14,6.47,4.0
2014,REC-221630,13194,Covrigei Italienesti Taralli Cu Masline,alka,,en:Romania,2025-11-12,9.74,
2015,REC-484163,13921,Tobigo Petit Beurre,Tobigo,,en:morocco,2024-04-25,2.53,
2016,REC-364226,10941,Tchambi choco up,Unknown,,en:morocco,2025-01-19,11.4,
2017,REC-551244,5829,Leka Gaufre,Mecho,100 g,en:Morocco,2025-08-15,14.74,100.0
2018,REC-901507,13405,Dark Chocolate Nuts & Sea Salt,KIND,14 oz,"Spain,United States",2025-01-06,23.62,14.0
2019,REC-771597,6545,Kafferep (Aveia),Ikea,600g,"France,Germany,Switzerland,United Kingdom",2025-05-16,13.14,600.0
2020,REC-341113,8175,Grandino Pépites de Chocolat & Nougatine,Sondey,200 g,France,2024-11-02,9.89,200.0
2021,REC-419021,9284,SALSA DIP medium,Snack Day,315g,"France, Germany, en:it",2024-04-01,24.14,315.0
2022,REC-574998,8815,Barquette Fraise,Sondey,120 g,France,2024-08-30,3.19,120.0
2024,REC-297142,10718,La barquette (chocolat),LU,120g,"France,Allemagne",2024-08-17,10.37,120.0
2025,REC-505913,7430,NESTLE LES RECETTES DE L'ATELIER - Carrés dégustation Chocolat noir 70% - 210g,Unknown,210 g,France,2025-03-06,24.91,210.0
2026,REC-724380,11601,Carrés Noir Noisette,"Côte d'Or, Mondelez, Mondelez International",200 g e (10 * 20 g),"Belgique,Chine,France",2024-12-13,1.19,200.0
2027,REC-825001,8891,Caramel Feinherb,Unknown,100 g,"Australia,Austria,Bélgica,Bulgaria,Francia,Alemania,Marruecos,Nueva Zelanda,Suecia,Suiza",2025-02-09,1.32,100.0
2028,REC-377355,14141,Petits coeurs choco'croc,"LU, Mondelez",90 g ℮,France,2024-07-05,15.81,90.0
2029,REC-722753,5763,croquant miel sésame,Unknown,162g,"Francia,Reunión",2024-12-11,18.15,162.0
2030,REC-934813,6408,Biscuit moelleux pomme saveur framboise,Gerblé,138 g,"France,Switzerland",2024-05-09,13.2,138.0
2031,REC-631616,9824,Petit Muffins,Bonne Maman,235g,"France, Germany, en:united-kingdom",2024-05-28,22.51,235.0
2032,REC-228167,5689,Cookies nougatine - 200g,Chabrior,200 g,France,2024-10-24,2.83,200.0
2033,REC-483798,12116,Tubo sticks & bretzels,"Bouton d'or, Intermarché",300 g,France,2025-02-22,3.4,300.0
2034,REC-272517,5737,Tuiles goût crème et oignon boîte de 170g,U,170 g,France,2024-10-12,21.0,170.0
2035,REC-123614,11404,Céleri rémoulade à la moutarde à l'ancienne,Pierre Martinet,300gr,"France,Switzerland",2025-08-29,7.49,300.0
2036,REC-156736,13402,La gourmande,"Intersnack, Vico",120g,France,2024-07-02,7.03,120.0
2037,REC-658399,6968,Tartines craquantes bio cacao,"Ekibio, Le pain des fleurs",160 g,"Belgium,France,Switzerland",2025-08-16,5.93,160.0
2038,REC-919466,10133,Chocolat Noir 70% Bio,Kaoka,100 g,France,2025-08-17,18.99,100.0
2039,REC-132331,11844,Chocolate negro con almendras caramelizadas,Unknown,,"en:france, en:italy, en:kenya, en:spain, en:belgium",2024-11-28,11.49,
2040,REC-107465,6265,Petit-beurre bio,"Bio Village, Marque Repère",150 g,France,2025-07-14,12.69,150.0
2042,REC-860847,14432,Speculoos sans sucres,"KARÉLÉA, Léa Nature",250 g,France,2024-06-07,2.13,250.0
2043,REC-659596,6768,Gaufrettes chocolat,"Jardin Bio, Jardin biologique, Léa Nature",200 g,France,2024-04-09,18.82,200.0
2045,REC-323342,11321,"KITKAT 4 Fingers Barre au Chocolat au Lait 41,5g, unitaire","Nestlé, Kitkat",41.5 g,"France,Mexique,La Réunion,Espagne",2024-06-20,12.97,41.5
2046,REC-167820,12390,Mr. Tom Peanuts in Caramel,Mr. Tom,40 g,"Francia,Alemania,Reino Unido",2026-01-17,24.21,40.0
2048,REC-923677,8000,Butter Broiche Rolls,Tesco,256g,"France, United Kingdom, Germany",2025-01-10,4.13,256.0
2049,REC-447844,10815,Speculoos Original Format Familial,"Lotus, Biscoff",750 g (6x125g),"United Kingdom, en:france",2025-10-08,10.06,750.0
2050,REC-456435,12920,M&M's Biscuit,"M&M's, Mars",198 g (10x19.8g),France,2024-12-26,23.06,198.0
2052,REC-586240,7023,Chocolat Villars Noir 70% Sans sucre ajouté 100g,Villars,100 g,"France, Guadeloupe, Switzerland, en:morocco",2024-07-11,2.91,100.0
2055,REC-164984,13783,Granola Cœur Extra Moelleux Chocolat,"Granola, Lu",312 g,France,2026-01-19,17.97,312.0
2056,REC-104497,10449,Happy Cow,"Milka,Mondelez",100 g,"Austria,France,Germany,Poland,United Kingdom",2025-11-01,8.63,100.0
2057,REC-345618,11285,Barritas con proteínas sabor coco y chocolate,Enervit,120 g (3 x 40 g),"Francia,España",2024-11-14,23.7,120.0
2058,REC-976212,12982,Grand' Italia Pesto alla Genovese,Grand' Italia,185 g,Belgium,2024-06-26,6.3,185.0
2060,REC-931430,11719,Peak Fish Crackers 250G,Gullón,250 gram,"Francia,Marruecos",2025-05-26,24.87,250.0
2061,REC-488077,13198,DIBUS SHARKIES imp,Gullón,,"Alemania,España",2024-03-12,3.84,
2062,REC-677236,8127,Mary Trini - -,Excelo,300,"France, en:morocco",2024-10-17,15.8,300.0
2065,REC-976121,10888,Brioche Tressée aux perles de sucre,Unknown,450g,France,2024-05-04,22.58,450.0
2066,REC-140088,6229,Dark Chocolate Nut,BE KIND PROTEIN,50 gm,"Finland,France,Spain,Switzerland",2025-12-03,6.72,50.0
2067,REC-156633,14488,Kanel Gifflar,Pågen,300 g,"Denmark,Norway,Sweden,Finland",2024-09-02,8.94,300.0
2068,REC-167969,7222,Cococoa,Toren,,Morocco,2025-08-19,23.41,
2069,REC-304894,14217,Biscuits charcuterie Chorizo,Michel Et Augustin,90g,France,2024-07-13,3.29,90.0
2070,REC-108252,7792,Nut Bar Cashew Pumpkin Raisin,2 KEEP NATURAL BITES,3 x 30 g,"France, en:belgium",2024-05-29,18.17,3.0
2071,REC-361896,13440,Caramelised Biscuits,Unknown,250 g,United Kingdom,2024-09-29,17.38,250.0
2072,REC-219709,6125,Cuor di Mela Mulino Bianco,Mulino Bianco,300 g,Italia,2025-08-19,15.75,300.0
2073,REC-487590,8703,Petit beurre,Bé,300g,en:Morocco,2025-11-29,1.82,300.0
2074,REC-869438,8820,Biscuits à l'avoine complète et aux pépites chocolat bio 130g,"U, U Bio",130 g,France,2024-09-14,21.03,130.0
2075,REC-291132,6561,Citron Mélisse,Ricola,52.5 g,France,2024-11-21,10.56,52.5
2076,REC-310269,12291,Curly Donut,Vico,160g,en:fr,2024-10-20,22.11,160.0
2077,REC-988097,9048,Nutella biscuits🍪,Nutella,207 g,"Francia,Italia",2024-12-28,5.93,207.0
2078,REC-659979,8038,"Süßes, Schokolade Edelbitter 90%","Aldi,ALDI Moser Roth,Moser Roth",125g,Deutschland,2024-07-02,8.56,125.0
2079,REC-433235,6089,Barre de céréales pomme verte,Crownfield,,en:fr,2024-04-07,21.92,
2080,REC-649280,5245,Crunchy Peanut Butter,Clif Bar,68 g,"France, Switzerland, United Kingdom, en:austria",2025-08-05,1.41,68.0
2081,REC-653226,10046,Rice bar dark chocolate,LIFESTYLE,,"Belgium, en:france",2025-08-24,9.59,
2082,REC-254398,6320,Brioche muffin bio x 5 250g blg,La Boulangère,250 g,France,2024-05-07,2.56,250.0
2083,REC-979422,5217,SOFT BAKES Red Berries,belVita,,en:United Kingdom,2025-09-26,3.8,
2085,REC-993375,10684,fruit splits raspberry & pineapple,bear,,en:United Kingdom,2025-12-13,7.34,
2086,REC-729133,11616,Barre Cranberry,Raw Bar,3 x 30 g,France,2024-03-07,12.27,3.0
2087,REC-953041,14483,Raw Bar salted caramel Flavour,Unknown,3 x 30 g,"Netherlands, en:france",2025-03-11,7.31,3.0
2088,REC-576667,13552,Fluffy white,Unknown,,en:morocco,2024-07-14,10.52,
2090,REC-466325,9066,Original Popcorn,SkinnyPop,18 g,"France,United States,World",2024-06-22,12.24,18.0
2091,REC-156725,9388,Bolachas Recheadas Framboesa,Sondey,300g,"France,États-Unis",2024-12-01,2.71,300.0
2092,REC-880936,9674,Edelrahm-Ganze-Mandel,Fin Carré,200 g,"Francia,Alemania,Portugal,España",2025-02-27,17.8,200.0
2094,REC-187810,5476,Chocolat noir,"Fin Carré, Lidl",2 x 200 g,"Belgique,France,Pays-Bas",2024-10-24,7.08,2.0
2095,REC-816720,6080,"Taboulé au poulet, à la ciboulette",Saladinettes,500 g,France,2024-10-18,8.32,500.0
2096,REC-726190,5795,Cookies trois chocolats,Sondey,200 g,"Frankreich,Spanien,Deutschland",2024-08-09,20.85,200.0
2097,REC-979947,6641,Bio Knäckebrot,"Grafschafter,Maître Jean Pierre,Bio Organic,Lidl",200 gram,"França,Alemanha,Portugal,Espanha",2024-02-23,23.84,200.0
2098,REC-362815,10145,Milk chocolate lidl,Unknown,12.5 gram,"France,Allemagne",2025-11-30,5.74,12.5
2100,REC-140403,7804,Crème Caramel,"Nestlé,La Laitière",400 g (4 * 100 g),France,2025-06-27,20.06,400.0
2101,REC-103766,8581,Extra velouté blanc,Unknown,100 g,"Australia,France,Switzerland,United Kingdom",2024-04-19,22.53,100.0
2102,REC-603717,10188,Biscuits Goût Chocolat,"BN, United biscuits",590g (2x295g),France,2025-04-16,15.99,590.0
2103,REC-775875,5503,Haricots Happy Life,Haribo,275 g,"Belgium,France",2025-07-01,15.61,275.0
2104,REC-368603,7270,Lay's 3D's Bugles goût nature format familial,Lays,150 g,France,2024-07-03,7.29,150.0
2105,REC-459837,5466,Gerblé sans sucres génoise chocolat saveur framboise,Gerblé,140 g,France,2025-06-22,4.99,140.0
2106,REC-185395,12017,Galletas de arroz inflado rellenas de chocolate y avellana,"Carrefour BIO, Carrefour",6 x 20 g,"Belgique,France,Italie,Espagne",2025-10-24,18.6,6.0
2107,REC-722702,7352,Vitality* Figue,Carrefour,200 g (4 x 50 g),"France, French Polynesia, en:morocco, Italie, Espagne",2025-07-05,11.03,200.0
2108,REC-156182,14156,Crackers emmental et graines de courge x8 - BIO,"Chabrior, Regain",200 g,France,2024-03-02,9.73,200.0
2109,REC-776407,5714,Chocolat Noir 90% Bio,Kaoka,,"France, Netherlands, en:morocco",2025-06-06,8.09,
2110,REC-898285,7317,Les Palets Recette à la Madeleine,"Carrefour,Carrefour Original",125 g,"Belgium,France,Italy,Kenya,Spain",2025-04-20,2.98,125.0
2111,REC-788835,10520,Bizcocho con fruta,Carrefour,300 g,"France, Italie, Espagne",2024-04-16,20.3,300.0
2112,REC-306066,12047,Cuillers à pâtisserie aux œufs frais,"Marque Repère, P'tit Déli",300 g,France,2024-04-20,19.95,300.0
2113,REC-861950,10291,Tortillas Chips,"Marque Repère, Tokapi",,France,2024-12-04,19.73,
2114,REC-979302,6302,Crackers Épeautres 3 Graines,"Bio Village, Marque Repère",200 g,France,2024-09-04,6.37,200.0
2115,REC-554475,12913,Chocolat lait commerce équitable,Ethiquable,100 g,France,2024-06-11,15.69,100.0
2116,REC-697206,5837,Chocolat lait nature tendre et fondant,Ethiquable,100 g,France,2025-01-14,1.13,100.0
2117,REC-533513,14506,Lotto Classic Snack,Best Foods,80g,"France, Romania, Spain, en:bulgaria",2024-11-18,15.23,80.0
2118,REC-567009,7480,Halbbitter,RITTER SPORT,100 g,"Österreich,Frankreich,Deutschland,Italien,Schweiz,Thailand",2025-11-13,11.5,100.0
2120,REC-558109,7120,"Süßes, GiOTTO Haselnuss",Ferrero,,"France, Germany, Switzerland, en:morocco",2024-11-28,8.14,
2121,REC-222045,9789,Kipferl,Bahlsen,,"France,Germany",2024-11-30,4.06,
2122,REC-567580,8617,Milka Noisette,"Milka,Mondelez",100 g,"Austria,Bulgaria,France,Germany,Italy",2024-07-25,14.18,100.0
2123,REC-545790,5940,Fromage emmental & graines de courges,DR. KARG'S,200 g,"France, en:belgium",2024-04-12,18.07,200.0
2124,REC-570729,14209,Balisto Fruits des bois x10,Balisto,185 g,France,2024-07-17,4.54,185.0
2125,REC-633408,5812,Digestives Dark chocolate,McVitie's,266 g,"France, Spain, en:united-kingdom",2024-09-17,10.0,266.0
2127,REC-225043,10065,Cashew Cookie Fruit & Nut Bar,nakd,35 g,Royaume-Uni,2025-02-01,21.14,35.0
2128,REC-210223,11335,Pure fruit yoyo raspberry,"Bear, Bear Nibbles",20 g,"Czech Republic, France, en:united-kingdom",2024-08-09,3.85,20.0
2129,REC-842549,7582,Dark Intense,Heidi,,"Bulgarie,République tchèque,France,Pologne,Roumanie,Russie,Slovaquie,Thaïlande",2024-06-21,23.58,
2130,REC-652519,12167,Ambassadeur,bimo,100 g,"Algérie,France",2024-10-13,13.02,100.0
2131,REC-633648,6875,50G RICOLA ALPIN FRESH,Ricola,50 g,France,2024-12-22,20.67,50.0
2132,REC-224217,7437,Rocher aux amandes,Kambly,,"France,Switzerland",2024-08-15,3.5,
2133,REC-312716,5536,Calendrier de l'avent au chocolat,Unknown,184 g,France,2025-01-16,10.55,184.0
2134,REC-376614,6096,Gocciole Extra Dark,Pavesi,,"France,Italy,Switzerland",2025-10-20,23.62,
2135,REC-197496,14183,Macine con Panna Fresca,Mulino Bianco,,"Canada,France,Germany,Italy",2024-06-08,10.36,
2136,REC-575359,12614,Mini,"Chips Ahoy!,Mondelez",160 g,"Francia,Portugal,España",2024-02-22,11.13,160.0
2137,REC-620872,9342,Huesitos original,"Valor,Mondelez",10,"Francia,Marruecos,España",2025-01-11,5.23,10.0
2139,REC-341686,8799,Tortas de Aceite,Inés Rosales,180 g (6 x 30 g),España,2025-10-18,11.26,180.0
2140,REC-527915,8239,Cheetos Big Chipito saveur fromage,Cheetos,100g,"France,en:Belgique",2025-02-12,9.43,100.0
2141,REC-255561,12611,Freshmint,Frezzh,50pcs,"France, Germany, en:morocco",2025-12-07,4.31,50.0
2142,REC-753335,10200,Pop corn sweet,Butterkist,100 g,en:United Kingdom,2025-07-30,19.55,100.0
2143,REC-361794,7041,180G POULAIN PRALINOISE,Unknown,180 g,"France,Maroc",2024-06-07,14.58,180.0
2144,REC-225051,9130,Patatas fritas,Leader Chips,100 g,Morocco,2024-08-11,18.5,100.0
2145,REC-478830,7211,Mentos Pure Fresh,Mentos,30g. (13 dh),"France,Morocco,Spain",2024-02-26,7.54,30.0
2147,REC-573586,11267,Moser roth chocolate,Moser Roth,5 x 25 g,en:gb,2025-11-04,13.89,5.0
2148,REC-431848,10781,Doritos Sweet Chilli Pepper Flavour,Doritos,,"Belgium, France, Netherlands, Sweden, Germany",2025-02-10,3.33,
2149,REC-152690,9291,Sweet sriracha chilli lentil chips,Proper,85g,"Verenigd Koninkrijk,Nederland",2024-04-06,22.57,85.0
2150,REC-773512,5099,Солети,Златна Добруджа,250 g,Bulgaria,2024-05-06,12.58,250.0
2151,REC-611123,13356,72% Noir intense,"Auchan,Auchan Gourmet",,"France,World",2024-11-03,2.66,
2153,REC-765084,6849,Finger biskiivi,Süsse,,"Turkey, en:morocco",2025-06-24,15.94,
2154,REC-284541,12098,NESTLE L'ATELIER Tablette Chocolat noir myrtilles amandes - 170g,"Nestlé,Les recettes de l'atelier,Nestlé Les Recettes de l'Atelier",170 g,France,2025-06-23,21.79,170.0
2155,REC-865265,10024,Chocolat noir extra fin 73%,Macao,,Morocco,2024-05-18,11.56,
2156,REC-800312,11549,Leader chips fromage,Leader Chips,,en:ma,2025-11-18,15.56,
2157,REC-102364,12622,Petits beurre,"Jardin bio, Léa Nature",150 g,France,2026-01-02,4.85,150.0
2158,REC-763991,13830,Peanut Butter Dark Chocolate,Be Kind,40 g,"Finland,France,Italy,Norway,Switzerland",2024-05-15,8.18,40.0
2159,REC-634524,6875,Wheat Thins 100% Whole Grain,Mondelez,8.5 oz,United States,2026-01-28,11.5,8.5
2160,REC-965546,12125,Biscuits fourrés goût chocolat au lait,BN,285 g,"France, en:morocco",2025-05-04,7.93,285.0
2161,REC-272923,6584,BN goût Framboise,BN,,"France,Maroc",2026-02-01,6.82,
2162,REC-485266,11353,Corn thins,Sainsburys,180 g,"United States, en:united-kingdom",2025-09-20,15.6,180.0
2163,REC-183187,10686,Sour Cream & Chive Flavour Rice and Corn Snack,Snack a Jacks,5 pk,en:gb,2025-03-06,9.44,5.0
2164,REC-550052,10756,10 pains au chocolats,Maître Jean Pierre,,France,2024-08-31,20.23,
2165,REC-115792,10227,Le petiy biscotte crunchy cinnamon and brown sugar biscuits,Lu,200g,en:gb,2024-10-09,12.04,200.0
2166,REC-877493,12543,Tortilla Chips,Lidl,,en:United Kingdom,2024-02-14,8.99,
2167,REC-224121,12228,sablé canelle,Unknown,,en:ma,2024-08-08,1.83,
2168,REC-974262,10923,Biscuits fourrés à la noisettes et cacao sans sucre,Gerblé,180g,en:fr,2025-10-31,24.27,180.0
2169,REC-425720,11725,Dairy Milk Fruit & Nut,Cadbury,,en:gb,2025-06-01,2.09,
2170,REC-258516,7471,Chocolate negro,Nestlé,115 g,"Spain, en:morocco",2024-02-08,19.15,115.0
2171,REC-603778,10415,Mint,Skinny Whip,5 x 20 g,"Ireland,United Kingdom",2025-01-27,6.07,5.0
2172,REC-896377,8111,Manomasa,Manomasa,140g,"Ireland, en:united-kingdom",2025-05-10,24.79,140.0
2173,REC-320770,10222,Halls cherry,Mondelez,,"Egypt, en:morocco",2024-12-16,22.69,
2174,REC-275442,11970,Lively Lemon Oat Boosts,graze,50 g,en:gb,2025-10-25,21.56,50.0
2175,REC-498256,6295,Lemon blueberry,Graze,,en:United Kingdom,2025-12-06,15.59,
2176,REC-478281,7753,BOURBON,Britannia,60g,India,2025-01-14,1.21,60.0
2177,REC-729722,12587,Sour Shox,Unknown,140g,"United Kingdom,United States",2024-06-01,21.85,140.0
2178,REC-227428,11032,Pick Up! Original,Pick Up!,140 g (5 x 28 g),United Kingdom,2025-01-09,19.18,140.0
2179,REC-909357,7507,Marbú Dorada 0% Azúcares Añadidos,Artiach,400 g,"Marruecos,España",2024-03-20,21.62,400.0
2182,REC-905023,9008,Shortbread Highlanders,Walkers,200G,"France, Germany, United Kingdom, en:switzerland",2024-11-18,13.39,200.0
2183,REC-505546,14834,RITZ Crackers the original,Mondelez International,13.7 OZ (388g),United States,2024-06-04,15.49,13.7
2184,REC-657196,10804,corn muffin mix,JIFFY,,United States,2025-01-20,7.96,
2185,REC-224219,5041,Panda Liquorice,panda,32 g,"France, Italy, Spain, en:united-kingdom",2024-12-27,6.48,32.0
2186,REC-863013,10937,cookies aux pépites de chocolat,Unknown,200g,France,2024-10-17,3.69,200.0
2187,REC-619067,13299,Arlequin Original,Lutti,0.25 kg,France,2024-09-19,21.74,0.25
2188,REC-920009,5794,Bénénuts Twinuts original,Unknown,150 g,France,2024-05-23,20.3,150.0
2189,REC-412474,12679,Cocottes chocolat et graines bio,St Michel,140 g,"France,Suisse",2024-07-12,11.3,140.0
2190,REC-777724,14715,Madeleines moelleuses,St Michel,250 g,"France, en:morocco",2025-06-14,23.74,250.0
2191,REC-387941,5781,Galettes au bon beurre,St Michel,208 g,"France,Allemagne,Royaume-Uni,Italie",2024-05-10,21.27,208.0
2192,REC-384511,5290,Mini brioches tressées,"Harris, Harrys",210 g,France,2024-09-03,9.59,210.0
2194,REC-940034,12487,Coleslaw,Monique Ranou,300 g,France,2024-08-28,7.63,300.0
2195,REC-757456,13566,Gaufres fourrage au miel - BIO,Chabrior,175 g,France,2025-11-27,7.79,175.0
2196,REC-409619,9761,Cookies Tout Chocolat,Carrefour,200 g,"Belgium,France,Italy,Morocco,Spain",2026-01-31,18.66,200.0
2197,REC-439800,6255,Noir noisettes entieres,Carrefour Extra,200 g,"Belgium,France,Kenya",2025-06-30,14.81,200.0
2198,REC-908156,12165,Sablés au deux céréales Chocolat lait,"Carrefour BIO, Carrefour",160 g,France,2025-08-24,22.68,160.0
2199,REC-479940,14012,Déli matin,"Marque Repère, P'tit Déli",600 g,France,2024-06-06,5.71,600.0
2200,REC-596701,9177,La Gâche Tranchée au sucre x 14 tranches,La fournee doree,,France,2025-02-03,1.33,
2201,REC-995175,13989,Croquettes de Poisson MSC Ail et Fines Herbes,Findus,300g,"France,La Réunion",2024-09-22,5.61,300.0
2202,REC-713914,10633,Poulain noir extra,Poulain,300 g,France,2026-01-14,8.33,300.0
2203,REC-715226,6213,Fine et gourmande lait français,"Fine gourmande, Poulain",100 g,"France, en:morocco",2025-09-11,16.39,100.0
2204,REC-600120,14522,Pain lait bio* nature x8 280g,Bien,280 g,France,2024-06-24,22.86,280.0
2205,REC-336168,11609,Chocolat noir extra,Ethiquable,100 g,France,2025-10-16,17.4,100.0
2206,REC-635877,11796,Tablette de chocolat 85% de cacao,Grain de Sail,100 g,"France,en:france",2024-07-15,13.99,100.0
2207,REC-793869,13117,Corny Schoko-Banane 4011800523213 Müsliriegel,"Corny, Schwartau",150g,"Austria,Germany",2025-09-06,11.46,150.0
2208,REC-729454,5907,"Süßes, Kekse Hobbits kernig","Bahlsen, Brandt",250g,"France,Germany,Spain",2024-02-20,3.56,250.0
2210,REC-795417,10431,Cream Crackers,Barber,300 g,"France, Netherlands, Spain, en:united-kingdom",2025-05-06,6.15,300.0
2211,REC-991261,13519,Menier Swiss Dark Chocolate,Menier,100g,"France,Royaume-Uni",2024-03-07,13.87,100.0
2212,REC-456070,9654,Smiths Scampi & Lemon Snacks,Smiths,,"France, en:united-kingdom",2024-12-08,18.81,
2213,REC-593710,5324,Centwafers,Lu,45 g e,"Belgium,France,Luxembourg",2024-10-06,15.5,45.0
2215,REC-881762,5157,Sans gluten et sans lactose,Unknown,240 g,"Belgium, France, Germany, Switzerland, en:netherlands",2024-05-02,1.69,240.0
2216,REC-828818,6585,Ovomaltine Barres,Ovomaltine,,France,2024-04-03,3.9,
2217,REC-198426,7619,Granola Barre Extra Cookie,Unknown,,France,2024-09-13,5.42,
2218,REC-735262,5718,Toblerone,TOBLERONE,360 gram,"France, Switzerland, Germany",2025-12-14,16.18,360.0
2219,REC-335006,11415,Barre Chocolatée Kinder Bueno Chocolat au Lait,"Ferrero, Kinder",215 g,France,2026-01-11,16.49,215.0
2220,REC-235171,13348,Bonbons Tic Tac x110 pastilles MENTHE EXTRA FRAÎCHE - 54g,"Ferrero, TIC TAC",54 g,"France, Switzerland",2024-04-27,5.99,54.0
2221,REC-126795,9570,Plazma,Bambi,7pcs,"Serbien, Germany",2024-05-15,23.37,7.0
2222,REC-191439,5618,Dairy Milk Little Bar,Cadbury,,"France,United Kingdom,United States",2025-12-08,12.06,
2223,REC-879240,12575,Crunchy Toasts Seigle complet & sésame,Carrefour,,"France,Italie,Espagne",2024-04-18,20.68,
2224,REC-742761,6728,CACAHUÈTES GRILLEES SALEES,CARREFOUR CLASSIC',,"Belgium,France,Italy,Poland,Romania,Spain,Guadeloupe",2024-05-09,17.0,
2225,REC-182506,12279,Salted Caramel Bar,Nakd,140 g,"België,Tsjechië,Frankrijk,Senegal,Spanje",2024-03-07,3.45,140.0
2226,REC-947426,14139,Spécial matin sarrasin fibre,"Ekibio,Le Pain des Fleurs",230 g,"Belgium,France,Spain",2024-02-06,1.85,230.0
2227,REC-624868,12311,Galbusera Frollino Vitagi Alcalinizzante,Galbusera,300 g,Italia,2024-05-21,15.81,300.0
2229,REC-575916,14969,frita saveur paprika,Frita,15g,Morocco,2025-06-28,7.72,15.0
2230,REC-273523,7790,Chips Saveur Sauce Pommes Frites,Brets,125 g,France,2024-10-18,18.34,125.0
2232,REC-635011,10128,Wortsits Giants Really cheesy,Walkers,130 g,United Kingdom,2026-02-03,1.38,130.0
2233,REC-151480,7036,Pomme,"Marque Repère, NAT&vie",200 g,France,2025-09-26,22.54,200.0
2234,REC-540709,10615,French Fries - Ready Salted,Walkers,21 g,United Kingdom,2025-09-19,18.47,21.0
2235,REC-881893,6340,PROTEIN FLAPJACKS SALTED CARAMEL,TREK,,Reino Unido,2024-06-25,9.95,
2236,REC-299690,11554,gullon zero wafer vanilla,Gullón,60g,Spain,2024-09-13,13.44,60.0
2237,REC-478544,11024,Carrot Cake Soft Oaty Bars,Unknown,6 x 25g = 125g,en:gb,2026-01-09,7.22,6.0
2238,REC-165693,10054,KIDDYLICIOUS Cheesy Straws - saveur Fromage - 48g (4x12g),Kiddylicious,48 g,"en:gb, France",2024-11-22,9.56,48.0
2239,REC-679095,13872,Peruvian Dark Chocolate,Asda,,United Kingdom,2025-05-24,12.54,
2240,REC-470114,13424,Mozart Kugeln,"J.D. Gross,Lidl,Schluckwerder",200 g,"France,Germany,Netherlands,Spain",2025-11-03,18.91,200.0
2241,REC-623255,10622,Chocolate con leche 0%,Trapa,80,"Marruecos,España",2024-10-26,15.75,80.0
2242,REC-978198,6480,Ready Salted Crisps,Tesco,6 x 25 g,"France,United Kingdom",2025-02-06,7.39,6.0
2243,REC-400651,12060,Doritos,Doritos,280 g,France,2024-02-07,7.92,280.0
2244,REC-508622,12636,Chocolate Orange Oat Biscuits,Nairn's,200 g,"United Kingdom,en:united-kingdom",2025-03-29,15.79,200.0
2246,REC-239402,8668,Galletas Divertidas,Unknown,,España,2024-07-09,10.34,
2247,REC-631780,7582,Milka Chips Ahoy Chocolate,Unknown,100 g,en:morocco,2024-08-27,21.47,100.0
2249,REC-598647,7321,L'Original fingers,"Cadbury, Fingers, Mondelez",138 g,France,2024-10-31,8.24,138.0
2250,REC-795928,14428,Haferkraft Zero - Kakao 4er-Pack,Corny,140 g (4 x 35 g),Deutschland,2025-10-07,6.84,140.0
2251,REC-995010,7877,Chipsfrisch Peperoni,Funny-frisch,150g,Germany,2025-06-18,14.45,150.0
2254,REC-560140,12615,"Snacks poppés lentilles pois cassés et quinoa, sachet 70g",U,70 g,France,2024-11-02,21.97,70.0
2255,REC-861436,9046,Drumstick Squashies,Swizzels,140g,en:United Kingdom,2024-07-23,4.7,140.0
2256,REC-529810,7037,Pringles hot cheese,Pringles,160g,"France,Allemagne,Maroc,Royaume-Uni,États-Unis",2025-05-10,22.14,160.0
2257,REC-567924,10587,Original,Cheez-It,12.4 oz,United States,2024-03-06,22.19,12.4
2258,REC-378832,13699,Pringles Original,Pringles,"100g, 5.2 oz","Bolivia,France,Germany,Hong Kong,United States",2025-09-27,3.67,100.0
2259,REC-183489,9121,tartines craquantes riz et quinoa,Bisson,"190g, 14 biscottes","Belgium,France,Guadeloupe,New Caledonia",2024-07-21,20.91,190.0
2260,REC-370007,12505,Tiramisu,"Deluxe,Lidl,Solo Italia",,"Bulgaria,Croatia,Czech Republic,France,Germany,Slovakia,Slovenia,Spain,United Kingdom",2025-05-12,6.99,
2261,REC-437363,6575,La cerise,"Lidl, Qualité Supérieure",165 g,"France,Germany,United Kingdom",2024-06-19,13.44,165.0
2262,REC-160738,10868,Envitas Fraise & Yaourt,Sondey Envitas,,"France,Germany,Switzerland",2025-03-16,2.81,
2263,REC-495254,6484,Cachou,Lajaunie,6 g,France,2024-12-22,1.05,6.0
2264,REC-489036,10106,Pépito pépites,"LU, Mondelez",300g,France,2025-11-17,18.62,300.0
2265,REC-925128,5609,Bledina mon premier boudoir,Unknown,120 g,France,2025-11-15,19.07,120.0
2266,REC-559723,13477,Macedoine de legumes 320g,Unknown,320 g,"France, Belgique, Luxembourg",2025-08-18,6.74,320.0
2267,REC-736521,12518,Biscuit quinoa cacao,Gerblé,132 g,"France,en:france",2025-04-15,24.14,132.0
2268,REC-488195,11903,Galette Riz Chocolat Noir,Gerblé,"130,4 g",France,2024-09-27,14.08,130.0
2269,REC-136944,11205,Pâtes de fruits,Gerblé,,France,2025-02-19,15.91,
2270,REC-658131,6086,"Bonne Maman - Mini Marble Cake Chocolat, 300g (10.6oz)",Bonne maman,300g,Francia,2024-12-14,10.03,300.0
2271,REC-195641,11606,15 Fourrés ronds chocolat 300G CROK - P'tits Prods,Chabrior,300 g,France,2025-05-12,3.22,300.0
2272,REC-477705,7824,Pains au lait x10 - 350g,U,350 g,France,2024-11-10,13.06,350.0
2273,REC-877616,8981,QUATRE-QUARTS,Ker Cadélac,200g,France,2025-04-12,22.3,200.0
2274,REC-262652,7060,"Ker Cadélac - Madeleines Maxi Chocolate chips, 600g (21.2oz)",Unknown,600 g e (24 * 25 g),Francia,2024-11-18,6.7,600.0
2275,REC-256300,13336,Pétales,Carrefour,75 g,"Belgique,France,Italie,Espagne",2026-01-29,3.82,75.0
2276,REC-913748,13782,Authentique noir bio 100%,Moulin des Moines,100 g,France,2024-07-10,14.99,100.0
2277,REC-440765,10116,Feigen Crackers,Le pain des fleurs,150 g,"Belgium,France,Netherlands,Switzerland",2024-10-02,18.22,150.0
2278,REC-722425,14944,Classic,"Carrefour,Carrefour Sensation",175 g,"France,Italy,Spain,Switzerland,ISRAEL",2024-07-21,20.95,175.0
2279,REC-637715,8327,Le Petit Beurre,"Marque Repère,P'tit Déli",,"France,Suisse",2024-07-07,23.61,
2280,REC-183626,14133,Brioche tranchée nature,"Marque Repère, Epi d'Or",500 g,France,2025-04-28,6.19,500.0
2281,REC-407949,14581,Brioche tranchée,"Marque Repère, Épi d'Or",700 g,France,2024-05-23,21.63,700.0
2282,REC-466071,12730,Gom's,"Gom's, La pie qui chante",265 g,France,2024-05-20,2.78,265.0
2283,REC-301004,13796,chocolat lait forte teneur cacao,Madagascar,100 g,France,2024-03-13,11.91,100.0
2285,REC-613650,7142,Finest Selection Mandel Knusper Vielfalt,"merci,Storck",250g,"Österreich,Belgien,Bulgarien,Deutschland,Marokko,Rumänien,Schweden,Schweiz",2024-03-27,24.49,250.0
2286,REC-676237,9441,Green Plantain Chips Salted,Unknown,85 g,"United Kingdom,Czech Republic",2024-10-04,13.42,85.0
2287,REC-312129,9887,Barres Extra Kellogg's Choco Amandes - 4x32g,Kellogg's,128 g,"Belgium,France",2025-05-10,14.12,128.0
2289,REC-817683,9838,Chocolat noir,Macao,,Morocco,2025-08-09,11.05,
2290,REC-872039,6811,Bonbons Suisses aux plantes Menthol Sans sucres,Ricola,70 g,France,2025-04-06,1.62,70.0
2291,REC-683264,13105,Milka - MMMAX - Noisettes Entières,"Milka, Mondelez",,"Bélgica,Francia,España,Tailandia",2024-05-05,6.2,
2292,REC-302299,11929,Ferrero rocher fines gaufrettes enrobees de chocolat au lait et noisettes avec noisette entiere pyramide de 28 pieces,Ferrero,350 g,"Francia,Alemania,Marruecos",2024-08-02,8.05,350.0
2293,REC-372150,11789,Bonbons Tic Tac 100 pastilles menthe extra fraiche - 49g,"Ferrero, TIC TAC",49 g,France,2025-06-29,5.62,49.0
2294,REC-975801,8497,Original,"Mondelez International,Oreo,Mondelez",10 x 44 g,"Austria,Bélgica,Francia,Alemania,Países Bajos,Portugal,España",2025-04-28,2.94,10.0
2295,REC-928383,6613,PANDORINO Cacao,Dulcesol,45g,"France, en:morocco",2024-07-19,5.6,45.0
2296,REC-925825,13659,Sandwich Sabor Yogurt con avena y frutos rojos,Gullón,220 g,España,2024-03-12,15.38,220.0
2298,REC-538487,8265,kitkat,Unknown,,"France, en:morocco",2024-07-23,20.73,
2299,REC-672633,5847,Hint Of Salt,"Nabisco-Triscuit, Triscuit",240 g,"France,United States, World",2024-08-22,14.98,240.0
2300,REC-756239,13079,Leader chips,Unknown,,Morocco,2025-10-01,8.33,
2302,REC-201468,14892,Whole Grain Super Seeded Cracker,Nairn's,137 g,"France, en:united-kingdom",2026-01-05,18.26,137.0
2303,REC-405699,11208,Chicles,Mentos,30 g,"France,Morocco",2025-06-25,3.65,30.0
2304,REC-188836,10229,Wafers chocolate 0% azúcares,Florbú,160 g,"Chile, Spain, en:morocco",2024-07-04,20.54,160.0
2305,REC-618463,13837,Tostada Petit,Gullón,,"Switzerland, en:morocco",2025-08-13,13.51,
2306,REC-574499,14190,PRAWN CRACKERS,ASIA GREEN GARDEN,100 g,"Germany,United Kingdom",2025-09-18,23.04,100.0
2307,REC-446034,14284,Prosport - barre cacahuètes 🥜et caramel salé,Eat Natural,3 x 45 g,en:fr,2024-05-12,7.18,3.0
2308,REC-511807,12459,Les P'tits CURIEUX barres cookies choco noisettes,Bjorg,140g (8 barres),France,2024-06-13,23.71,140.0
2309,REC-455222,10484,Encas équilibré,Gerlinéa,93 g,France,2026-02-02,23.22,93.0
2310,REC-533248,12515,La madeleine cœur framboise,Bonne Maman,300 g,France,2025-12-05,13.01,300.0
2311,REC-796087,7177,Lightly Salted Tortilla Chips,Everyday Essentials,200g,United Kingdom,2025-10-19,5.09,200.0
2312,REC-873749,13441,Galette moelleuse chocolat au lait,St Michel,180 g,France,2025-02-24,8.21,180.0
2313,REC-981704,8021,Barre moelleuse Cranberries & Noisettes,Belvita,,"France, en:belgium",2024-05-03,11.73,
2314,REC-191071,5479,Abbracci,"Barilla, Mulino Bianco",350g,"en:france, en:germany, en:italy, en:Italy",2024-05-10,2.71,350.0
2315,REC-327209,6442,Noir 70% noisettes et amandes caramélisées,côte d'or,100g,France,2025-02-15,23.51,100.0
2316,REC-815047,6745,Savane Max Barr',Brossard,210g (7x30g),en:fr,2025-07-29,24.07,210.0
2317,REC-238702,11191,McCoy's Ridge Cut - Salt & Malt Vinegar Flavour Potato Crisps,McCoy's,45 g,United Kingdom,2024-02-27,19.25,45.0
2318,REC-155513,7499,Alpenmilch,Ritter Sport,,Germany,2025-10-12,6.33,
2319,REC-411415,8156,Biscuit pavot goût passion,Bjorg,130g,France,2025-01-12,3.83,130.0
2320,REC-361998,11067,Parle-G gold 75g,Parle,50 g,en:India,2025-10-25,18.02,50.0
2321,REC-438617,6967,Barritas de chocolate blanco,Hacendado,,"Spain, en:portugal",2026-01-10,8.31,
2322,REC-996928,7996,Chocolate Negro 55%,Hacendado,150g,"Marruecos,España",2025-09-11,7.32,150.0
2323,REC-721694,14794,Snickers,Mars,41.7 g,United Kingdom,2025-09-24,17.99,41.7
2324,REC-743959,7002,Gaufres au miel,Carrefour,175 g,"France, Italie, Espagne",2024-07-29,16.0,175.0
2326,REC-972201,8408,Co-op Shortbread Fingers 380g,Coop,20,en:United Kingdom,2024-09-23,21.28,20.0
2327,REC-496506,10963,Roasted And Salted Peanuts,Alesto,400 g,en:United Kingdom,2024-07-08,6.9,400.0
2328,REC-475535,6431,Pop corn sucre de canne,Vico,240 g (3x80 g),France,2025-09-07,12.91,240.0
2329,REC-493372,8826,Multigrain Crackers,Tesco,,en:united-kingdom,2025-05-27,10.16,
2330,REC-961684,5886,Orange Dark Chocolate,Tesco Finest,100g,United Kingdom,2024-12-15,2.01,100.0
2331,REC-686191,6806,Mint Dark Chocolate,Tesco Finest,100g,United Kingdom,2024-03-01,17.2,100.0
2332,REC-460306,12728,Fruit & Fibre Bars Apple & Cinnamon,Unknown,3 x 44g,en:United Kingdom,2024-12-01,20.44,3.0
2333,REC-822607,9112,Dark Chocolate Corn Thins 4 x (130g),Unknown,130g,"France, Spain, United Kingdom",2024-12-09,19.17,130.0
2335,REC-302228,6517,All Butter Flapjacks,Marks & Spencer,320 g,"France, Royaume-Uni",2024-12-07,2.11,320.0
2337,REC-937044,12099,Chocolate Chip,Clif Bar,2.40 oz (68 g),"Australia,United States",2024-10-21,23.71,2.4
2339,REC-254903,7069,Tablette de chocolat noir,Fin Carré,,France,2025-10-15,2.27,
2340,REC-808321,12433,Popcorn süss,Snack Day,3x100g,"France,Germany,en:en,en:germany",2024-11-23,20.71,3.0
2341,REC-247138,10718,Coeurs pain d'épices chocolat noir,"Favorina,Aachener Zucker und Backwaren Paul Schaeffer,Lidl",300 g,"Czech Republic,France,Germany,Italy,Luxembourg,Poland,Serbia",2024-04-27,9.52,300.0
2342,REC-250995,10686,Caramel et biscuit,"Krüger,Ludwig Schokolade,Mister Choc",5x58g,"Denmark,Finland,France,Germany,Greece,Italy,Poland,Sweden",2025-05-08,22.02,5.0
2344,REC-231322,6575,Avena digestive,Aurada,425 g,Spain,2024-09-07,14.93,425.0
2346,REC-987210,14765,Dragibus,Haribo,40 g,"Belgique,France,Suisse",2025-10-29,1.59,40.0
2347,REC-879118,11703,Surfizz Goûts Fruits,Lutti,0.2 kg,France,2024-07-19,4.82,0.2
2348,REC-414781,9649,Chips saveur barbecue,Unknown,45 g,France,2025-07-20,7.39,45.0
2349,REC-541536,12438,"Gerble - Gluten and Lactose Free Madeleines, 200g (7.1oz)",Gerblé,200 g,France,2024-12-28,24.34,200.0
2350,REC-113940,5068,Brownie à la Française Chocolat 🍫,St Michel,240g ℮,Francia,2024-07-17,13.42,240.0
2351,REC-669510,9854,"Bonne Maman - Coconut Croquants, 150g (5.3oz)",Bonne maman,,"Francia,Alemania",2025-09-22,23.57,
2352,REC-719430,7265,Lunettes myrtille,Bjorg,200 g,France,2025-05-06,21.34,200.0
2353,REC-121626,12916,Fourrés duo cacao,Bjorg,,France,2025-01-18,8.63,
2354,REC-643869,8398,Sablé amande saveur citron 200g BIO,Chabrior,200 g,France,2025-04-17,17.04,200.0
2355,REC-749970,5317,Tablette dégustation chocolat noir 90% - 100g,"Ivoria, Les Créations Ivoria, Les creations",100 g,France,2025-08-01,23.2,100.0
2356,REC-667097,6763,Formule Zen,Unknown,200 g,"France,La Réunion",2024-03-10,14.18,200.0
2357,REC-914857,8338,Daco Bello Formule detente,Daco Bello,200 g,France,2025-08-25,11.27,200.0
2358,REC-790494,13116,Les Sablés,Unknown,"125 g, 4.41 oz, 16 biscuits","Canada,France,Italie,Suisse",2024-11-23,13.89,125.0
2359,REC-485273,6330,TUILES goût paprika,"CMI (Carrefour Marchandises Internationales), Carrefour, Groupe Carrefour",170 g,"France, Italie, Espagne",2025-05-23,18.93,170.0
2360,REC-156999,12187,Petit beurre 🧈Original,Unknown,200 g,"Belgium, France, Italy, Poland, Romania, Spain, en:morocco",2025-07-17,12.13,200.0
2361,REC-168209,14384,Chocolat noir,Carrefour,126 g,"France,Maroc, Italie, Espagne",2025-09-13,20.96,126.0
2362,REC-989599,11611,carottes râpées,"Marque Repère, Menu Fraîcheur",500 g,France,2024-07-28,17.81,500.0
2363,REC-157816,6343,Déli Matin Pépites de chocolat,"Marque Repère, P'tit Déli",600 g,France,2024-06-22,21.0,600.0
2364,REC-547082,5111,Biscuits tablette chocolat au lait,"Bio Village, Marque Repère",150 g,France,2025-08-04,17.26,150.0
2365,REC-120009,12157,Tortillas nature,"Jardin Bio, Jardin biologique",125 g,France,2024-02-06,15.92,125.0
2368,REC-511376,7896,Werther's Original,Storck,135 g,"Denmark, Finland, France, Norway, Poland, Spain, Sweden, en:united-kingdom",2026-01-13,9.54,135.0
2371,REC-721665,8220,Furrows Sea Salt & Vinegar,Tyrrell’s,,"Frankreich,Vereinigtes Königreich,Deutschland",2025-04-09,20.26,
2372,REC-632783,10363,Sea salt,popchips,,"France, United Kingdom",2024-09-02,20.63,
2373,REC-562355,8788,7Days Bake Rolls Pizza 80g,7 Days,80g,"Румъния,България",2024-04-10,17.52,80.0
2374,REC-430013,9722,LOTUS BISCOFF Speculoos Original - 375g (3x125g),"Biscoff,Lotus",375 g,"Francia,España,Suiza",2026-01-03,5.62,375.0
2375,REC-447694,12129,Kitkat,Unknown,48,"France,Royaume-Uni",2025-04-21,15.78,48.0
2376,REC-807074,12989,Netsle Chocolat noir 100% cacao,Nestlé,125 g,"Marruecos,España",2025-03-21,23.56,125.0
2377,REC-704083,13572,Pépito chocolat au lait,"Lu, Mondelez, Pépito",192 g,"France,Suisse",2024-05-19,11.03,192.0
2378,REC-798949,8256,Noir Pistaches Caramélisées,Côte d'Or,180 g,"Belgique,France,Pays-Bas",2025-02-01,24.1,180.0
2379,REC-553265,7504,Colazione più con 5 cereali,Kinder,290 g,"France,Italy,Switzerland",2025-12-27,10.14,290.0
2380,REC-185851,5067,Lay's Potato Chips,Lay's,50 g,"India,United States,Canada",2024-03-22,21.81,50.0
2381,REC-752993,11735,hula hoops bbq,KP Snacks,6 x 24 g,"Ireland, en:united-kingdom",2025-02-14,3.74,6.0
2382,REC-986891,5790,Pain d'épices au miel,Carrefour,,"France, en:morocco",2025-01-13,20.89,
2383,REC-486665,7988,grenode salted peanut Protein Bar,Grenade,,"Belgien, Frankreich, Vereinigtes Königreich, Germany",2025-10-04,4.28,
2384,REC-970738,5431,Oaties,Tower Gate,,"France,United Kingdom",2025-03-03,8.68,
2385,REC-615411,14006,Sweet & Salty Popcorn,Butterkist,100g,United Kingdom,2025-07-21,1.64,100.0
2386,REC-507905,6466,Rough Oatcakes,Unknown,250g,"France,United Kingdom",2024-08-08,10.29,250.0
2388,REC-215755,6706,Speculoos,Sondey,250g,Nederland,2024-06-08,24.68,250.0
2389,REC-913871,5740,Dry Roasted Lightly Salted Peanuts,PLANTERS,,"Spain,United States",2024-12-15,19.15,
2390,REC-600785,12959,Rich Tea,Belmont Biscuits,300 g,"Ireland,United Kingdom",2024-07-02,16.14,300.0
2392,REC-188902,5940,Organic Sea Salt Multigrain Tortilla Chips,Unknown,1,"en:United States,en:United States, World",2024-08-22,19.48,1.0
2393,REC-290106,14654,Knoppers,Storck,25g,en:fr,2024-09-23,19.79,25.0
2394,REC-713073,12678,Tartines Craquantes Sarrasin,"Jardin bio, Léa Nature Jardin Bio",150 g,France,2024-11-19,4.97,150.0
2395,REC-921661,7645,Mamia Strawberry and Apple Oaty Bars,Aldi,6x25g,en:gb,2024-03-17,3.87,6.0
2396,REC-952041,6128,Galaxy Minstrels Pouch Bag,Mars,125 g,United Kingdom,2024-12-19,22.71,125.0
2397,REC-880944,11162,Mint,Aldi,5 x 25 g,"Ireland, en:united-kingdom",2025-05-08,15.46,5.0
2398,REC-205848,12416,8 Meringue Nests,Tesco Finest,,en:United Kingdom,2024-12-31,18.45,
2399,REC-246073,7229,Donuts,Sondey,,"France,Royaume-Uni",2024-06-22,4.11,
2400,REC-641406,8425,Napolitain l'original,LU,12 x 30g,en:fr,2024-10-23,14.24,12.0
2401,REC-998524,11543,Olive & rosemary ovali italian cracker crisps,Crosta & Mollica,,en:gb,2025-08-10,4.21,
2402,REC-908164,8023,Salted peanuts,"Sainsburys, Stamford Street Co",200g,en:gb,2026-01-15,12.38,200.0
2403,REC-527294,14181,Pringles paprika 175 gr,Pringles,,Italy,2025-02-10,18.77,
2404,REC-448274,11211,Eucalyptus,Ricola,"52,5 g",France,2025-02-11,19.83,52.0
2405,REC-618421,10071,Brets saveur Pili Pili,Unknown,125 g,France,2025-09-09,7.21,125.0
2407,REC-282857,13320,Krackwheat,Jacob's,230g,en:United Kingdom,2024-02-06,23.24,230.0
2408,REC-874480,11166,"VEGETABLES* Carottes, betteraves, patates douces, panais",Carrefour,100 g,"France,Espagne",2024-05-29,14.23,100.0
2409,REC-931323,5019,Bbq PopChips,popchips,17 g,United Kingdom,2024-04-27,13.8,17.0
2410,REC-794137,13235,Parle-G,"Parle, Britannia",100g,"United States,India",2024-06-23,18.64,100.0
2411,REC-468585,6950,Chips nature,"Lay's, Lays",370 g,France,2025-05-20,21.58,370.0
2412,REC-710619,7309,Cookies Classique Noisette,Delacre,,"Belgium, France, en:italy",2025-09-08,4.83,
2413,REC-245365,9662,Taste the Difference Brioche Burger Bun,Sainsbury's,,en:gb,2025-09-08,2.08,
2414,REC-904550,7153,Tartines craquantes noisette imp,Le Pain des Fleurs,,France,2025-10-29,14.94,
2415,REC-165913,8331,NAKD PROTEIN - Caramel - | Barres protéinées | 7g de protéines végétales | 100% d'ingrédients naturels | Sans sucres ajoutés | 3 x 45g | 135g,Nakd,135 g,"United Kingdom,Netherlands, France",2025-09-03,13.31,135.0
2416,REC-461493,5977,Grün-Ohr Hase vegan,Katjes,175g,"Germany, en:austria",2026-01-11,13.28,175.0
2417,REC-684418,11834,Digestive,Tesco,,"Germany,United Kingdom",2024-05-26,17.54,
2418,REC-770021,6050,M&M’s Crispy,M&M'S,187 g,"France,Netherlands",2025-12-30,17.68,187.0
2419,REC-733355,12789,Crushed Sea Salt & Black Peppercorn Crisps,"Walkers, Sensations",150g,en:United Kingdom,2024-04-27,10.6,150.0
2420,REC-833932,9364,Barre Cacahuètes Caramel Chocolat,Unknown,,fr,2024-02-17,15.64,
2421,REC-689052,7623,Hot Kickin' Sour Cream Flavour,Pringles,160g,"Germany, United Kingdom, en:morocco",2025-01-27,7.7,160.0
2423,REC-737554,6712,Salted Lentil Chips,Unknown,18g,en:United Kingdom,2024-12-31,17.82,18.0
2424,REC-132519,9486,Eat Natural Dark Chocolate With Cranberries And Macadam,Eat Natural,40 gram,United Kingdom,2026-01-03,13.95,40.0
2425,REC-880562,7080,Percy pig,Marks & Spencer,170g,"Germany,United Kingdom",2024-07-01,14.83,170.0
2426,REC-382215,10434,Raisins,Unknown,20 OZ (567g),United States,2025-12-10,18.61,20.0
2428,REC-235620,12129,No Added Sugar Smooth Dark Chocolate,Sainsbury's,100g,"France, United Kingdom",2025-08-04,15.16,100.0
2429,REC-753199,12825,Botersprits,Sondey,400g,"Frankreich, Germany",2025-07-29,24.35,400.0
2430,REC-477150,12037,Stollen with Marzipan,"Favorina, Lidl",750 g,"Belgium,France,Spain",2025-11-14,6.76,750.0
2431,REC-121367,6191,Snack Gurken,"Max & Lena, MyCubies",250g,"Frankreich,Deutschland,Schweiz",2024-11-10,11.15,250.0
2432,REC-300247,5701,Saveur Sour Cream & Onion,Unknown,170 g,"France,Espagne",2024-06-15,7.56,170.0
2433,REC-224179,5852,Mini Gâches,Unknown,360 g,France,2025-11-10,18.01,360.0
2434,REC-407150,10888,BIO tortitas chips maiz,Unknown,125 g,"Francia,España",2025-01-11,12.52,125.0
2435,REC-522316,13035,Bio crackers,"Grafschafter,Lidl,Maitre Jean Pierre,Tastino",200 gram,"República Checa,Francia,España",2025-12-07,24.71,200.0
2436,REC-523674,13062,madeleines coquilles,Tante Odile,400 g,France,2024-10-13,23.2,400.0
2437,REC-762440,12750,Granola Gros éclats de Chocolat,"Granola, Kraft Foods, LU, Mondelez, Unilever",184 g (8 biscuits),"France,Martinique",2025-02-16,20.5,184.0
2438,REC-327006,5636,"Petit Déj, Céréales et chocolat",Gerblé,200 g (4x 50 g ),France,2025-11-09,16.3,200.0
2439,REC-175902,5418,Sablés Framboise Rooibos,Gerblé,150g,France,2024-10-27,1.68,150.0
2440,REC-882686,5061,Sablissime chocolat au lait,Bjorg,200 g,France,2024-07-23,14.63,200.0
2441,REC-597706,9077,Speculoos,Unknown,,"France, Guadeloupe, Italy, Spain, en:morocco",2024-12-02,18.18,
2442,REC-685903,8681,Petits boudoirs - Biscuit aux nourrissons,"Babybio, Vitagermine",120 g,France,2024-12-14,8.95,120.0
2443,REC-769923,11560,Barres céréales Goût Chocolat au lait - Banane,"Carrefour, Produits Blancs",150,"France,Maroc, Italie, Espagne",2024-02-11,6.31,150.0
2444,REC-902446,11282,Chocolate 52% especial postres,Unknown,200 g,"France,Italie,Espagne",2024-07-22,24.93,200.0
2445,REC-879088,11280,La galette bretonne pur beurre,"Marque Repère, P'tit Déli",125 g,France,2025-05-31,20.2,125.0
2446,REC-334114,14276,Cacahuètes - Grillées & Salées,"Marque Repère, Tokapi",250 g,France,2025-01-28,17.34,250.0
2447,REC-379510,8366,Madeleines aux oeufs frais,"Marque Repère,P'tit Déli",500 g,France,2024-08-31,20.57,500.0
2448,REC-882102,12717,Barres céréales Fraise,"Bio Village, Marque Repère",125 g,France,2026-01-02,17.01,125.0
2449,REC-445782,14560,Pain épice au miel,"Bio Village,Marque Repère",300 g,"France,La Réunion",2024-07-09,14.93,300.0
2450,REC-456394,14303,Бисквити Кафе,Sweet plus,160 г,"Bulgaria, Morocco, en:france",2025-09-08,20.92,160.0
2451,REC-181359,13011,Lindt Lindor Melkesjokolade Stick,Lindt & Sprüngli,38g,"Australien,Österreich,Frankreich,Marokko,Neuseeland,Schweiz,Vereinigtes Königreich",2024-03-05,19.41,38.0
2452,REC-241264,5405,Chipsfrisch gesalzen,funny frisch,175g,"Francia,Alemania,España",2024-04-01,7.49,175.0
2453,REC-642279,11345,Butterkeks 30% weniger Zucker,Leibniz,150 g,"Austria,Germany",2025-01-03,15.78,150.0
2454,REC-100353,10141,Choco Leibniz,"Leibniz,Bahlsen",125g,"Bélgica,Alemania,Italia,España,Reino Unido",2025-10-10,5.59,125.0
2455,REC-115315,11500,BEEF JERKY ORIGINAL,JACK LINK'S,25 g,"Belgium,France,Switzerland,United Kingdom",2025-07-14,16.42,25.0
2456,REC-928209,12001,Balisto yoberry,Balisto,"166,5 g","Österreich,Belgien,Frankreich,Deutschland",2024-09-14,14.31,166.0
2457,REC-997199,12845,Peanut Pouch,Unknown,125g,"France,en:gb,",2024-12-10,6.92,125.0
2458,REC-736145,9785,Pastilles menthol-eucalyptus,Fisherman's Friend,75 g (3 x 25 g),France,2025-01-02,12.43,75.0
2459,REC-909271,8611,Kettle Chips L / Salt 40g,Kettle,,"France, Spain, en:united-kingdom",2025-09-17,23.72,
2460,REC-737379,13846,Eat Real Hummus Chips Tomato & Basil Flavour 45g,Eat Real,45g,"Czech Republic, France, United Kingdom, en:morocco",2025-10-14,22.36,45.0
2461,REC-989411,14672,Limited Edition Black Truffle & Sea Salt,Tyrrell's,150 g,"France,United Kingdom",2025-07-03,16.11,150.0
2462,REC-384250,8700,Berry Delight,nákd,35 g,"Czech Republic,France,Netherlands,UK",2025-03-24,11.38,35.0
2464,REC-521919,10674,Sesame Snaps,Sesame Snaps,30 g,"France,United Kingdom,en:united-kingdom",2024-11-20,8.73,30.0
2466,REC-957100,12896,M&M's Peanut,M&M's,"90 g,","Belgium, Poland, Romania, en:hungary",2025-01-12,22.96,90.0
2467,REC-638980,8777,Barni ciocolata,Moldiez,30,"France, Romania, en:bulgaria",2024-12-08,23.11,30.0
2468,REC-968085,14371,Classic Collection Chocolate Bars,Green & Blacks,,"France, United States, en:united-kingdom",2024-03-06,16.75,
2470,REC-668865,10360,Petit moelleux,LU,140 g,"France,en:Belgique",2024-06-01,16.92,140.0
2471,REC-744549,5976,Cote d'or noir truffé,cote d\'or,190 g,"Belgique,France",2024-12-29,15.2,190.0
2472,REC-425220,7567,Raffaello gaufrettes enrobées de noix de coco fourrées cube x30- 300g,"Confetteria raffaello, Ferrero",300 g,"Frankreich,Schweiz",2024-12-28,21.52,300.0
2473,REC-332734,8122,Mulino bianco abbracci biscuits au cacao et a la creme 350g,Mulino Bianco,350 g,"Belgium, France, Germany, Italy, en:united-kingdom",2025-10-25,20.88,350.0
2474,REC-361159,9772,Galleta María Ligera Sin Sal y Sin Azúcares Añadidos,Gullón,600 g (3 x 200 g),"Francia,España",2025-06-18,16.6,600.0
2475,REC-412049,8134,Galletas mini caritas con crema de cacao,Unknown,329 g,España,2026-01-30,17.06,329.0
2476,REC-709917,5716,Protein Bar,Nutrend,,"France, en:italy",2025-03-21,6.61,
2477,REC-860374,6360,Chocolate Chip Soft & Chewy Granola Bar,Kirkland Signature,24 g,"United States, en:united-kingdom",2025-08-23,17.18,24.0
2481,REC-999038,6740,Choco noisette,Noiseraie,300 g,France,2025-11-03,10.28,300.0
2482,REC-555450,10633,Strawberry lunchbox loaves,Soreen,150g,"United Kingdom,United States",2025-10-13,11.93,150.0
2485,REC-480642,14880,Protein Arachidi & Cioccolato,"General Mills,Nature Valley",4 x 40 g,Espagne,2025-11-21,11.53,4.0
2486,REC-486275,10855,Galleta Choco Negro,Hacendado,"150 g (4 x 37,5 g)","Portugal,España",2024-03-08,3.79,150.0
2487,REC-281382,13051,Sesame Snaps® 4 x,Sesame Snaps,120 g,"United Kingdom,en:united-kingdom",2025-02-11,15.44,120.0
2489,REC-282934,5125,popcorn,Snack day,300 g,"България,Румъния",2025-08-24,6.86,300.0
2490,REC-845560,7454,hanuta Riegel,"Ferrero, Hanuta",34.5g,"Bulgaria, Germany, en:morocco",2025-02-19,9.14,34.5
2491,REC-670645,5190,Jengibre,Hacendado,350,España,2024-04-30,4.68,350.0
2492,REC-388577,13112,Grain Free Tortilla Chips,Siete,5 oz (142 g),"France, World, en:united-states",2024-04-23,15.58,5.0
2493,REC-543669,6893,Hula Hoops Original,"Hula Hoops, KP Snacks",12 x 24g,en:gb,2024-11-09,24.45,12.0
2494,REC-666258,5509,"Galactic Brownies With Chocolate Candies, Chocolate Candies",Mr. Brownie,1 brownie,"Frankreich, Spanien, Welt, Germany",2026-01-27,22.36,1.0
2495,REC-492857,7396,Ridge Cut Flame Grilled Steak,McCoy's,,en:gb,2024-08-21,18.17,
2496,REC-592930,8252,Lightly Salted Hand Cooked Crinkle Cut Crisis,aldi,,en:gb,2025-01-10,16.41,
2497,REC-800842,9071,Sea Salted Crisps,Asda,,en:gb,2025-06-30,1.33,
2498,REC-321199,5039,Baked squeezed pretzels with tomatoes and herbs,Elephant,70g,"France, Germany, Hungary, en:morocco",2025-06-01,21.8,70.0
2499,REC-126461,14406,Multigrain Bites,Snaktastic,,en:gb,2024-10-24,19.42,
2500,REC-412141,13151,Wasa delicate crisp rosemary 190g we,Wasa,190 g,"Belgique,France",2024-11-16,11.49,190.0
2501,REC-143872,10856,Gifflar Vanilla,Pågen AB,260g,"France, Sweden, United Kingdom, en:germany",2025-10-07,23.08,260.0
2502,REC-678709,11965,Taste the Difference Sea Salt & Suffolk Cider Vinegar Potato Crisps,Sainsbury's,150g,en:United Kingdom,2025-10-28,6.09,150.0
2503,REC-145995,12011,Cream crackers,M&S,300g,en:fr,2025-05-18,19.11,300.0
2504,REC-991264,10838,Dark 85% cacao,Nestlé,120 g,"Spain, en:morocco",2025-11-27,3.12,120.0
2505,REC-436554,9919,Barres de céréales Fruits Rouges,Grainéa,126 g,France,2024-10-05,3.61,126.0
2507,REC-996544,13375,Goûters BN au chocolat,BN,2 x 285 g,France,2024-05-06,14.07,2.0
2508,REC-783197,13818,Protein Flapjacks: Smooth Lemon,Trek,3 x 50 g,"United Kingdom,Ireland",2025-10-10,11.7,3.0
2509,REC-587460,7348,Peanut Snaps,PEANUT SNAPS,3 x 40 g,en:fr,2025-04-21,20.29,3.0
2510,REC-111609,5943,Nachos,"Snack Day,Lidl",150 g,España,2024-11-04,12.45,150.0
2512,REC-448171,8938,Delight Bar Cocoa Orange,Alesto,50g,"Austria,Bulgaria,Hungary,Romania",2024-05-27,15.52,50.0
2513,REC-905940,13142,Ricola douceur de miel,Unknown,50 g,"Brazil  en:france, en:france",2025-07-14,24.46,50.0
2514,REC-470578,8436,Parmesan & Garlic Twists,Tesco,,en:gb,2024-08-05,6.08,
2515,REC-458197,7226,Doritos flamin hot,Doritos,,en:ma,2024-08-18,9.4,
2517,REC-784321,13023,NAKD Cacahuète Chocolish - 120g (4x1p),Nakd,,"en:be, France",2024-05-07,21.95,
2518,REC-365158,11522,Maple Pecan Almond,Kind,3×30g,en:gb,2025-12-20,9.62,3.0
2519,REC-214249,10522,Pico-Balla,Haribo,160g,Deutschland,2025-01-21,24.44,160.0
2520,REC-989140,5646,Baked - 6 Pack,Walkers,132g,United Kingdom,2024-05-20,17.79,132.0
2521,REC-535776,7931,Milka,Milka,,en:ma,2024-09-03,1.31,
2522,REC-805703,7375,Chipsfrisch Oriental,Funny-Frisch,150g,Germany,2025-06-25,22.49,150.0
2523,REC-908216,8695,Tobigo crousty,Unknown,,en:ma,2024-05-08,23.92,
2524,REC-634019,7241,Organic Garden Crisp Veggie cracker,"innofoods organic/biologique, Inno Foods",454g,"Canada, World, en:united-kingdom",2025-06-16,24.51,454.0
2526,REC-217723,10807,Chocolate negro 55% cacao con almendras,Hacendado,200 g,"Marruecos,España",2024-11-04,12.06,200.0
2527,REC-277449,6397,Nestlé Kitkat Cereal,nestle,330g,Morocco,2025-10-21,3.71,330.0
2528,REC-419791,11740,celebrations,Celebrations,600g,"United Kingdom, en:france",2024-04-17,9.64,600.0
2529,REC-171743,11624,Mini Cheese Crackers,Organix,,en:United Kingdom,2024-07-25,18.12,
2532,REC-570067,11721,Brunch Choc Chip,Cadbury,5 x 28g (140g),"Switzerland,United Kingdom",2025-04-01,4.28,5.0
2533,REC-843900,7961,Tartines crac form,Gerblé,250g,France,2026-01-22,8.77,250.0
2534,REC-395126,13073,Shortbread Fingers,Walker's,150 g,"Germany,Italy,Switzerland,United States,New Zealand",2024-05-31,22.74,150.0
2535,REC-662685,12107,Lightly Salted Crispy Baked Veggie Snacks,Harvest Snaps,3.3oz (94g),"United States, World",2024-03-31,20.85,3.3
2536,REC-284912,9354,Muesli Bar Cranberry,Crownfield,200 g (8 Riegel x 25 g),"en:france,en:germany,en:switzerland,en:Belgium",2025-08-12,13.82,200.0
2537,REC-621713,9414,Fior di Integrale,Realforno,700 g,italia,2025-06-06,23.6,700.0
2538,REC-746426,5127,Petit beurre,Tastino,,France,2025-10-17,19.39,
2539,REC-173059,10918,Weisse Kokos & Flakes,"Bellarom, Fin Carré, Lidl",200 g,"France,Germany,United States",2024-12-21,15.13,200.0
2540,REC-396285,7768,Envitas Cacao,Sondey,253 g,"Frankreich, en:ch",2024-12-02,3.46,253.0
2541,REC-285949,5853,Waffle Rolls with vanilla flavour filling,"Tastino,Lidl",,República Checa,2026-01-23,2.5,
2542,REC-298711,11802,Halloween popcorn sweet,"Lidl, McEnnedy",250g,"Frankreich, Germany",2024-03-15,23.81,250.0
2543,REC-877903,7732,Bonbons menthe et saveur eucalyptus,Feel Free,,France,2025-10-10,5.42,
2544,REC-157093,12802,Pépito Mini Roulés Chocolat,"LU, Pépito",150 g,France,2024-11-06,13.44,150.0
2545,REC-988028,11786,Mikado chocolat noir,"Glico, LU, Mikado, Mondelez",90 g,"Belgique,France,Suisse",2024-03-27,11.08,90.0
2546,REC-459068,10824,Clafoutis aux cerises,"La Laitière, Nestlé",340 g (4x85g),France,2025-03-25,19.66,340.0
2547,REC-501105,10500,Lulu l ourson,LU,300 g,France,2025-01-30,10.42,300.0
2549,REC-387063,7982,Tronches de cake - Moelleux Chocolat,St Michel,,France,2024-08-24,5.05,
2550,REC-338073,13445,Barres de céréales à la figue x6,Chabrior,126 g,France,2024-10-10,19.38,126.0
2551,REC-210575,11001,Monster Munch goût ketchup,"Intersnack, Vico",85 g,"België,Frankrijk",2024-07-25,12.36,85.0
2552,REC-393812,10296,Curly Cacahuète l'Original - Format Party 230 g,Vico,230 g,France,2025-05-16,22.88,230.0
2553,REC-314581,13038,Gâche tranchée pur beurre 450g,"U, U Saveurs",450 g,France,2025-01-17,4.54,450.0
2554,REC-533494,5855,Tartines craquantes bio au maïs,Le pain des fleurs,"150 g, 2 sachets",France,2024-07-09,9.18,150.0
2555,REC-145627,11864,SABLES NOIX DE COCO ET CITRON,"Jardin bio, Léa Nature",150 g,France,2025-11-20,19.67,150.0
2556,REC-138210,6638,Chips Brets la craquante,Brets,6 x 25g,France,2025-05-12,15.04,6.0
2557,REC-951202,9236,Cookie avell choc,Carrefour,200 g,"France, en:italy, en:spain",2025-09-29,23.77,200.0
2558,REC-184422,13794,Grissini Sésame et Huile d'olive 7%,Unknown,125 g,"France, Roumanie",2025-05-10,7.21,125.0
2559,REC-219707,5948,6 petits chinois,La Fournée dorée,300 g,France,2025-09-02,2.0,300.0
2560,REC-430473,7070,Noir Pérou éclats de menthe,Alter Eco,100 g,France,2025-05-06,2.77,100.0
2561,REC-138738,13035,Biscuits petit épeautre sésame,Biocoop,,"France,Suisse",2025-08-12,23.98,
2562,REC-477296,5834,Sablés apéritif cantal aop et pointe de noix de muscade,Michel et Augustin,,France,2024-05-20,1.26,
2563,REC-602146,12407,Chipsfrisch Oriental,funny-frisch,175 g,Germany,2024-10-19,7.98,175.0
2564,REC-738296,14481,Gewürz-Spekulatius,Unknown,600g,en:Germany,2024-11-10,13.89,600.0
2565,REC-499799,5269,Duplo Riegel 10er-Pack,Ferrero,182 g,"Frankreich,Deutschland,Schweiz",2024-08-30,19.62,182.0
2566,REC-652939,11997,Kinder Country,Unknown,23.5g,"Österreich,Frankreich,Deutschland,Rumänien,Schweiz",2025-05-24,17.98,23.5
2568,REC-240164,13307,Cheddar Twists,Waitrose,125g,United Kingdom,2025-11-18,17.47,125.0
2569,REC-392815,11000,Twirl,Cadbury,43g,"France,United Kingdom,United States",2025-08-30,22.57,43.0
2570,REC-276178,9475,Sensations Roasted Chicken & Thyme Flavour Potato Crisps,Walkers,150g,"France,United Kingdom",2025-04-02,19.72,150.0
2571,REC-824951,8040,Raspberry flavour jelly,Hartley's,135 g e,"Frankreich, Vereinigtes Königreich, Germany",2025-06-04,12.55,135.0
2572,REC-591998,6525,Pringles Potatoes chips Ketchup,Pringles,165g,"France, en:morocco",2024-12-19,15.64,165.0
2573,REC-247248,7143,Delicious Crunchy Corn,Love Corn,45g,"France, en:united-kingdom",2024-03-26,4.88,45.0
2574,REC-792275,7068,Tuc Paprika,"Mondelez International, Tuc",100g,"Франция,Украйна,България",2024-12-25,14.24,100.0
2575,REC-660223,13339,Peppermint frisk,Frisk,"5,7 g","Belgium, France, en:italy",2025-01-21,1.54,5.0
2576,REC-220421,7675,Brino,"Bifa, fzf 30da",100 g,"Algérie,en:algeria",2025-04-25,22.77,100.0
2577,REC-788592,14849,Noir aux Pépites de Café,Villars,100 g,"France,Switzerland",2025-11-28,7.09,100.0
2578,REC-517407,5532,FLUTES SESAME 125G - KAMBLY - 125g,Kambly,125 g,France,2024-06-17,18.58,125.0
2579,REC-994422,5573,NESTLE DESSERT Praliné,Unknown,170 g,France,2025-04-11,22.97,170.0
2581,REC-460066,7398,Petit brun extra,"Mondelez, Mondelez International",150 g e,"France,Martinique,La Réunion, en:new-caledonia",2025-07-21,16.32,150.0
2582,REC-216006,13706,Assortiment Lindor,"Lindt, Lindt & Sprüngli",337 g e,France,2025-04-02,13.85,337.0
2583,REC-166251,14433,Ottimini Integrali,"Divella, Fantasie del Mattino, Ottimini",400 g - 14.11 oz,"Bolivia,Francia,Italia",2025-01-14,13.65,400.0
2586,REC-541805,5134,Pop Corn Doux,Unknown,3 X 100 g,"Belgien, Frankreich, Germany",2025-04-17,5.19,3.0
2587,REC-465416,14021,Lays 20rs,"PepsiCo,Lay's",55 g,Inde,2025-10-14,6.98,55.0
2588,REC-487835,11597,85% cacao noir tanzanie,"Carrefour, Carrefour Selection",,"France,Italie,Espagne",2024-10-31,12.16,
2589,REC-867336,6131,Organic Roasted Seaweed Snack,Kirkland Signature,17 g,"France, en:united-states",2025-11-01,11.07,17.0
2591,REC-317372,14172,Extra barre kellogg's,Kellogg's,,France,2025-03-04,19.31,
2592,REC-708196,7002,Financiers aux amandes Bio,Sondey,150 g,France,2025-04-12,23.55,150.0
2593,REC-408045,13999,Palomitas saladas,Snack day,3x100g,"Spanien, Germany",2025-08-12,22.68,3.0
2594,REC-702831,14480,salt chips,Snack Day,,"European Union,Romania",2025-10-12,16.85,
2595,REC-554812,6814,Chocolate Salted Caramel Flavour Vitamin & Protein Bar,Fulfil,40g,"Spanien, Vereinigtes Königreich, Germany",2025-08-15,22.7,40.0
2596,REC-763961,14136,Intenso 80% noir,Trapa,175 g,"Spain, en:morocco",2024-10-22,18.3,175.0
2597,REC-729724,10659,Salt & Malt Vinegar Crisps,McCoy's,25g,United Kingdom,2025-06-21,9.77,25.0
2598,REC-758474,14045,Magretti,Galbusera,350g,en:Italy,2024-02-09,1.74,350.0
2599,REC-695786,5697,750G TIRLIBIBI BOX HARIBO,Haribo,750 g,France,2024-12-09,13.09,750.0
2600,REC-477809,14274,Fibra 75% trigo,Unknown,185 g,España,2025-08-24,19.35,185.0
2601,REC-412522,8736,Schär Curvies BBQ,Schar,170g,"Spain, United Kingdom, en:morocco",2025-06-27,9.19,170.0
2602,REC-161920,10904,Kumato,Trader Joe's,255 g,"Jersey, en:united-kingdom",2025-11-18,5.38,255.0
2603,REC-779176,6456,Chocolat Noir 85%,"U, U Bio",100 g,France,2024-05-07,5.5,100.0
2604,REC-454097,11870,Saltletts Pausen Cracker,Lorenz,100g,Deutschland,2025-03-18,18.73,100.0
2606,REC-980366,12570,Sablés céréales graines chia et lin,Bisson,200 g ( 20 x 10 g),France,2024-02-27,10.24,200.0
2607,REC-269782,8183,Finn Crisp Snacks,"Finn Crisp,Landmännen",150g,"Germany,Italy,United Kingdom",2024-08-22,15.28,150.0
2608,REC-964890,9642,Schoko Reiswaffeln Zartbitter,"Alnatura, Alnatura GmbH, Alnatura Bio",100 g,"Frankreich,Deutschland,Schweiz,Welt",2025-10-27,6.95,100.0
2609,REC-223639,12649,Edel Bitter 100%   cacao nibs,VIVANI,80 g,"Frankreich,Deutschland,Schweiz",2025-05-18,4.45,80.0
2610,REC-400054,13052,Mature cheddar & red onion hand cooked crisps,Dettol,150g,en:gb,2025-12-27,18.62,150.0
2611,REC-163281,13063,Gâche tranchrée bio,la fournée dorée,400g,France,2025-04-05,14.26,400.0
2612,REC-891050,6111,Barquillos Avellana,Hacendado,250 g,"Portugal,Spain",2026-01-19,6.72,250.0
2613,REC-303621,14397,Schiaccianoci,"Mulino Bianco, barilla, mulino bianco",300 g,Italia,2025-06-17,5.78,300.0
2614,REC-880363,11730,XXL Erdnüsse,Alesto,1000g,"Франция,Германия,Швеция,Обединено кралство Великобритания и Северна Ирландия,България",2025-08-18,14.28,1000.0
2616,REC-458123,9366,Mini fourrés cœur chocolat,Unknown,14x30g - 420g,"France, en:be",2024-07-17,19.83,14.0
2617,REC-540614,5620,Chocolate Negro,"fin CARRÉ,Lidl",100 g,"Bulgaria,Croacia,Portugal,Eslovaquia,España",2025-05-02,22.99,100.0
2618,REC-659085,10195,Chocolat noir 70% Cacao Sel rose de l'Himalaya,Lindt,100 g,France,2024-03-23,16.54,100.0
2619,REC-885652,6890,La Madeleine coeur myrtille,Bonne Maman,300 g,France,2024-12-31,24.78,300.0
2620,REC-179889,13249,Madeleines moelleuses,St Michel,250 g,France,2025-12-23,6.15,250.0
2622,REC-577925,7238,Pain lait bio* far complet x8 280g,Bien,280 g,France,2026-01-22,17.88,280.0
2623,REC-229696,11481,Mini Breadsticks,Tesco,,en:United Kingdom,2024-07-21,22.33,
2624,REC-411404,14652,Barre protein graines & fruits rouges,"Carrefour, CarrefourCarrefour Sensation",128 g (4 x 32 g),"France,Italie,Espagne",2025-09-20,2.57,128.0
2625,REC-744427,9260,Settembrini mb 300g,"Barilla, Mulino Bianco",300 g,"Italy, en:france",2025-01-02,17.46,300.0
2626,REC-132478,11975,Flash,Unknown,,en:ma,2024-03-17,13.34,
2627,REC-685006,11334,Noir,Unknown,,"France, Italie, Espagne",2025-11-28,11.29,
2628,REC-635067,14627,Filipinos Chocolate Blanco,"Artiach,Filipinos",128 g,"Finlandia,Francia,Marruecos,España",2025-11-22,4.45,128.0
2629,REC-385425,11014,High Protein Cookie,Lidl,45 g,"France, Switzerland, en:italy",2025-12-04,13.31,45.0
2630,REC-141497,13573,Madeleines Vanille Sorties du Four,Le Ster,,en:fr,2024-12-18,4.38,
2631,REC-754925,8813,Savane max de sensations,Brossard,7 x 30 g,France,2024-09-14,16.76,7.0
2632,REC-633137,5262,Crackers,Ritz Crackers,200 g,France,2024-04-01,10.19,200.0
2634,REC-136094,14252,Lightly Salted Rice Crackers,Asia Specialities,100 g,"United Kingdom,Ireland",2025-10-10,20.97,100.0
2635,REC-705087,11327,Fornula,Unknown,,en:morocco,2025-01-08,4.08,
2636,REC-133355,11290,"Hazelnut, Pecan & Maple Oat Bar",deliciously ella,50g,en:gb,2024-12-21,6.79,50.0
2637,REC-546449,5548,Salt and peppers cashews,Alesto,150 g,en:gb,2025-09-21,16.6,150.0
2639,REC-723263,12478,M&M's,"M&M's,Mars inc",600g,France,2025-08-12,2.16,600.0
2640,REC-709572,9141,3X100G MAITRE CHOCOLATIER LAIT,Lindt,300 g,France,2024-10-05,13.09,300.0
2641,REC-331239,6608,Vollmilchschokolade Erdnüsse,Choco Moment,260 g,France,2025-10-31,11.69,260.0
2642,REC-151913,12567,Barre lait et céréales,"Lidl, Mister Choc",,"Germany, en:france",2025-05-02,15.1,
2643,REC-961804,7275,Fourrés cacao,Biocoop,300 g,France,2025-02-24,8.38,300.0
2644,REC-686523,6610,Roasted Almond Trail Mix Bar,Deliciously Ella,40g,United Kingdom,2025-02-01,18.69,40.0
2645,REC-866328,6942,Choco sensations,Milka,208g et 8 biscuits,France,2025-12-27,12.97,208.0
2646,REC-639206,6328,Flips Géant peanut,MCENNEDY American Way,450g,"Румъния,Обединено кралство Великобритания и Северна Ирландия,България",2024-08-21,5.12,450.0
2647,REC-435783,10459,Wafer,Sondey,280 g,"Bulgaria, en:romania",2025-06-18,22.39,280.0
2649,REC-705069,13777,Sergio,Excelo,250 g,en:Morocco,2025-03-18,8.34,250.0
2650,REC-605683,7525,lays,Lay's,97g,en:Morocco,2024-06-12,1.74,97.0
2652,REC-569045,12189,Extra dark chocolate created for bakers,Dr. Oetker,,en:United Kingdom,2024-08-06,7.59,
2655,REC-771999,14873,"Fruit & Fibre Bars, Strawberry & Raspberry",Nākd,44g x 3,en:United Kingdom,2024-07-21,9.05,44.0
2656,REC-106290,12528,NESTLÉ DESSERT 80% Puissant 170g,"Nestlé, Dessert",170 g,France,2024-07-20,15.13,170.0
2657,REC-913871,5585,Almond & Apricot Fruit & Nut Bars,Eat Natural,40 gram,United Kingdom,2025-07-01,21.59,40.0
2658,REC-133783,9822,Nooco,nooco,45g,Maroc,2024-04-24,19.22,45.0
2659,REC-698092,6442,Oatcakes,Simply M&S,300g,"France,United Kingdom,en:united-kingdom",2025-12-16,21.83,300.0
2660,REC-218515,14265,Harina preparada completamente para hacer Hot Cakes,Krusteaz,4.53 kg,"Estados Unidos,México",2025-08-22,10.59,4.53
2661,REC-173592,7339,CRUNCHY PEANUT BUTTER,CLIF BAR,2.40 oz,"Australia,United States",2026-01-02,8.98,2.4
2662,REC-289718,9508,Knackebrod Rag,Ikea,250 g,"France, Germany, Netherlands, en:united-kingdom",2024-12-14,21.12,250.0
2663,REC-638305,12437,Ginger Nuts,Tower Gate,300 g,"France,United Kingdom",2025-11-25,21.79,300.0
2664,REC-632474,8131,Muesli Bars Chocolate & Banana,"Crownfield, Lidl",200 g,"Bulgaria,Denmark,France,Germany,Poland,United Kingdom",2024-04-04,19.35,200.0
2665,REC-757695,9163,Petit Beurre Tablette Chocolat au lait,Sondey,150 g e,"France,Switzerland",2025-10-25,14.74,150.0
2667,REC-203989,13328,Fior Di Panna,Italiamo,400 g ℮,"France,Espagne",2024-03-19,11.64,400.0
2668,REC-846401,9233,Tastino Biscuiti Petit beurre,Tastino,450 g,"Hungary,Romania",2024-03-01,11.13,450.0
2669,REC-412119,5972,Carré Lait-Noisette,Sondey,250 g (10 sachets de 25 g),France,2024-04-17,4.27,250.0
2670,REC-788245,9932,Brioche Zopf,"Maître Jean Pierre, Maître Jean-Pierre",600g,"Francia,Germania",2024-05-05,11.94,600.0
2671,REC-780143,9411,Bio Hafer Cookies,Sondey,200 g,"en:germany, en:Germany, en:France",2025-12-12,16.1,200.0
2672,REC-488677,9073,Scottish black pepper oatcakes,Lidl,250 g,France,2024-07-08,9.81,250.0
2673,REC-658763,10868,Barres Amandes et Noix de coco,"Crownfield, Lidl",4 x 40 g,France,2025-07-25,10.58,4.0
2674,REC-832545,9749,Lulu La Barquette Framboise,"Lu,Mondelez",120 g e,"France,Suisse",2025-06-07,12.72,120.0
2675,REC-500367,11128,Miniroulés l'Original aux Fraises,LU,150 g,France,2025-11-11,12.38,150.0
2676,REC-399226,8707,SAVAROISES CHOCOLAT,St Michel,220 g,France,2025-03-14,7.52,220.0
2677,REC-727554,6019,GALAK Chocolat Blanc,"Nestlé, Galak",100 g,France,2024-08-13,10.48,100.0
2678,REC-860064,11656,Lindt Chocolat au lait praliné noisettes,"Lindt, Lindt & Sprüngli",225 g,"Algérie,France",2024-02-09,24.44,225.0
2680,REC-376267,6562,Creation lait caramel,Lindt,150 g,"France,La Réunion",2024-09-24,4.12,150.0
2682,REC-392310,11708,Macédoine 4/4,Bonduelle,,"France, Belgique",2024-04-04,8.84,
2683,REC-489978,10379,Dragibus haribo,Haribo,120g,"France, Switzerland, en:morocco",2025-07-31,5.15,120.0
2684,REC-571445,14246,Kellogg's Barres Frosties 6x25g,Kellogg's,150 g,France,2025-11-03,20.26,150.0
2685,REC-788490,14747,Bénénuts Cacahuètes grillées & salées,"Bénénuts, Pepsico France",410 g,France,2024-02-27,7.27,410.0
2686,REC-421827,11444,Noix de pécan sirop d'érable,Gerblé,132 g,"France,Polynésie française,Suisse,en:france",2024-05-16,5.62,132.0
2687,REC-217328,9093,Barre figue Gerblé,"Gerblé, Nutrition et Santé S.A.S., Sport & Énergie",150 g,France,2025-05-12,18.17,150.0
2688,REC-264954,10285,palmier,st michel,,"France, United States, en:morocco",2025-02-27,2.51,
2689,REC-547711,9823,Pâtes de fruits,Gayelord Hauser,,Frankreich,2025-05-22,9.0,
2690,REC-278338,10919,Le Sablé,Bjorg,,France,2024-05-07,15.18,
2691,REC-134472,12963,Brioche vendéenne Igp,"Carrefour, Reflets de France",600 g,"France, Italie, Espagne",2024-04-07,7.11,600.0
2692,REC-972898,12330,Palets Bretons Pur Beurre 125g,Chabrior,125 g,France,2025-04-10,14.97,125.0
2694,REC-549552,6600,Pistache grillée à sec sachet de 150g,U,150 g,France,2025-11-26,14.81,150.0
2695,REC-628590,7311,Tablette petit beurre au chocolat noir bio paquet de 150g,"U, U Bio",150 g,France,2025-01-08,7.51,150.0
2696,REC-159086,11086,Cookies aux pépites de chocolat & noisettes,Carrefour,200 g,"Belgium,France,Italy,Morocco,Poland,Romania,Spain",2025-05-22,23.36,200.0
2697,REC-465050,11272,Sable enrobe,Henry's,45g,"France,Maroc",2024-05-12,12.73,45.0
2698,REC-864263,8297,Tartines craquantes bio à la châtaigne sans gluten,"Ekibio, Le Pain des fleurs",300 g (2*25) (6 g / tartine),France,2025-05-13,6.27,300.0
2699,REC-517078,10900,Biscuits gourmands Sésame Vanille,"Karéléa, Léa Nature",132 g,"France,Suisse",2024-06-01,7.08,132.0
2700,REC-939275,9142,Chips saveur côte de boeuf grillée,Brets,125 g,France,2024-04-29,24.12,125.0
2701,REC-811239,9284,Fleur de sel noir,"Carrefour,Sélection",100 g,"France,French Polynesia,Italy,Kenya,Spain",2026-01-26,12.83,100.0
2702,REC-161146,14173,Lait noisettes entieres,Carrefour,200 g,France,2024-07-15,7.5,200.0
2703,REC-849517,14123,Cookie nougatine choco,"Marque Repère, P'tit Déli",200 g,"France,Réunion",2024-04-01,18.58,200.0
2704,REC-841623,5749,Salade carottes rapées,"Marque Repère, Menu Fraîcheur, Pause Fraîcheur",300 g,France,2025-11-19,5.36,300.0
2705,REC-111595,13373,Galette pur beurre,"Bio Village, Marque Repère",125 g,France,2025-03-30,21.86,125.0
2706,REC-158217,13098,Brioche vendéenne IGP,Nos Régions Ont du Talent,650 g e,France,2024-05-24,2.02,650.0
2707,REC-432711,14046,La Gâche,La Fournée Dorée,500 g,France,2025-12-31,6.31,500.0
2708,REC-621806,7888,Préparation Taboulé menthe citron,Tipiak,350 g,"France,Switzerland",2024-02-23,16.59,350.0
2711,REC-457077,11150,Pom-Bär Original,"Intersnack Deutschland SE, Pombär",75 g,"en:germany, en:Germany",2026-02-02,21.02,75.0
2714,REC-222553,8098,McVitie's Hobnobs Milk Choc Jumbo Pack,McVitie's,431g,"France, en:united-kingdom",2024-04-02,7.31,431.0
2716,REC-692953,10273,y Castell Welshcakes,Tan y Castell,240 g,"France,Royaume-Uni",2024-02-18,23.0,240.0
2717,REC-151265,5570,Real Fruit Yoyos Strawberry Family Pack,Bear,,"France, en:united-kingdom",2024-02-28,14.08,
2718,REC-273534,8437,Bake Rolls Salt,Unknown,80g,Rumania,2025-08-23,4.55,80.0
2719,REC-950478,9896,chocolata amaruie 80%cacao,Unknown,,"France,Roumanie",2024-03-24,8.17,
2721,REC-662909,13980,Ricola réglisse,Ricola,50 g,France,2024-12-10,23.49,50.0
2722,REC-259895,13423,Butterfly,Kambly,100 g,"France,Germany,Switzerland",2025-01-04,21.94,100.0
2723,REC-851657,7682,Original family format,Oreo,"308 g ℮, 2 pacchetti da 14 biscotti 11 g l'uno","France, Spain, en:united-kingdom",2024-05-24,16.38,308.0
2725,REC-766518,10337,Noir 86% extra intense,Côte d'or,100 g,Belgium,2024-02-13,12.26,100.0
2726,REC-545218,6213,Napolitaner,Loacker,175 g,"Germany, Italy, en:bulgaria",2025-09-20,14.61,175.0
2730,REC-591558,14272,Galletas desayuno integral 0% azúcares,Florbú,,"Francia,Marruecos,España",2024-11-16,14.3,
2731,REC-285060,8098,Popcorn,Unknown,300g,"Belgium,France,Germany",2025-04-09,4.86,300.0
2732,REC-935576,7840,Törtchen Kakao-Haselnusscreme,Manner,400 g,"France,Germany,Spain",2024-04-17,21.91,400.0
2733,REC-361975,8499,VitaWeat 9 Grains,Arnott's,250g,"France, New Zealand, en:australia, en:french-polynesia",2025-11-09,5.29,250.0
2735,REC-953365,9385,crackers cheddar,Gullón,,"France,Spain,en:morocco",2024-10-31,4.09,
2736,REC-920575,7608,Barres chocolat noir et pointe de sel,"CROWNFIELD,Lidl",4 x 40 g,France,2025-05-01,20.32,4.0
2737,REC-358259,10068,Galletas maría,Hacendado,4 x 200 g,España,2025-05-11,7.82,4.0
2738,REC-912575,6715,Salzstangen mit Meersalz,Sun Snacks,250g,Deutschland,2025-11-05,2.57,250.0
2739,REC-709647,14676,Risi Clásicas,Risi,,"Spain, en:morocco",2025-09-02,20.26,
2740,REC-120318,8239,Party Rings Mini,Fox's,21g,en:gb,2025-02-07,5.21,21.0
2741,REC-241707,12703,Choco fundir negro,Hacendado,200 g,Spain,2025-07-18,2.51,200.0
2742,REC-198558,7426,gullon Hearts of Cereal Oats Chocolate,Gullón,240g,France,2024-09-22,19.94,240.0
2744,REC-575519,5189,Black Pepper & Sea Salt Crackers,Rivercote,185 g,Spain,2024-12-16,11.71,185.0
2745,REC-371454,9918,Jet Gum Sugar Free,"Jet Gum, Jetgum",45 g,"Alemanha,Eslováquia",2024-09-08,8.55,45.0
2746,REC-856768,14464,Dark 75% madagascar ginger & turmeric,Waitrose,,United Kingdom,2025-01-27,7.81,
2747,REC-751682,8813,Hot mix spicy,Snacks of The World,400 g,France,2026-01-27,5.67,400.0
2748,REC-381834,12258,Cocoa & Vanilla Gruffalo Biscuits+ Months 5 x (100g),Organix,,en:gb,2024-03-28,13.16,
2749,REC-264757,10183,Hoops,Unknown,8 x 25 g,en:gb,2024-06-03,10.78,8.0
2750,REC-150567,7790,Gerlinea moelleux,Gerlinéa,138 g e,France,2024-02-07,5.34,138.0
2751,REC-237615,10247,Tic tac Festival,TIC TAC,54 g,"France, en:germany",2025-06-04,17.45,54.0
2752,REC-597122,7892,Dark compound choclate,Toren,,Morocco,2025-08-11,19.14,
2754,REC-985464,14032,La brioche tressée tranchée,la fournée dorée,500g,France,2025-12-20,1.49,500.0
2755,REC-659587,9568,Half-Coated Milk Chocolate Cookies,Fox's,175g,United Kingdom,2025-06-30,17.66,175.0
2756,REC-562425,12635,Sweet and salty butterfly popcorn,Unknown,,Royaume-Uni,2025-09-15,21.66,
2757,REC-685868,12420,Patatas Lay's Sal,"Lay's,PepsiCo",160 g.,España,2025-06-09,11.87,160.0
2758,REC-748476,11894,Chips saveur barbecue,Lay's,135 g,France,2025-07-13,1.75,135.0
2759,REC-356081,11488,Mes cookies Bio tout chocolat,Aline & Olivier,180 g,France,2024-10-22,10.8,180.0
2760,REC-473461,13116,Seriously Salt and Vinegar Crisps,Walkers,45 g,"Italy, en:united-kingdom",2024-10-22,7.07,45.0
2761,REC-365856,5951,La madeleine pur beurre,Maison Colibri,250 g,France,2025-08-29,21.6,250.0
2762,REC-270796,8802,Pistachio nut mix salted,Snacks of The World,200 g,France,2025-04-10,21.7,200.0
2763,REC-339650,9960,Petit biscuit avoine & framboise,Chabrior,135 g,France,2024-07-11,13.0,135.0
2764,REC-275361,12638,Lentil Chips,"Aldi,Snackrite",85g,United Kingdom,2024-11-01,22.17,85.0
2765,REC-552400,14056,Carrés Dégustation,Lindt,154 g,France,2025-03-30,18.5,154.0
2766,REC-279683,7416,Oswego,Unknown,250g,Italia,2025-10-29,1.61,250.0
2767,REC-730439,11624,Prinzenrolle,DeBeukelar,450g,en:de,2026-01-29,23.14,450.0
2768,REC-774116,5812,Dairy Milk Marvellous Creations Jelly Popping Candy,"Cadbury, Mondelez",160g,en:gb,2025-12-09,4.74,160.0
2769,REC-135641,5392,Very Cherry Gourmet Sweets,Unknown,140g,United Kingdom,2024-02-14,22.33,140.0
2770,REC-857253,9546,"Vegane snack balls - Date café, banane",Vemondo,,"Germany, en:france",2024-11-27,18.71,
2771,REC-831487,6454,Tony's chocolonely milk creamy,Tony's Chocolonely,,en:gb,2025-03-20,10.5,
2772,REC-996610,5783,Toffee,Skinny Whip,5 x 20 g,United Kingdom,2024-07-06,20.62,5.0
2774,REC-615993,5677,Célébrations,Celebrations,272 g,en:fr,2025-11-10,23.95,272.0
2775,REC-382367,10961,Salted dark chocolate almonds,Forest Feast,,en:gb,2024-09-22,2.44,
2776,REC-361047,14287,Hazelnut Dark Chocolate,Moser Roth,5 x 25 g,en:gb,2024-08-26,10.22,5.0
2777,REC-324298,7406,Digestives The Original Twin Pack,McVitie’s,2 x 360 g,"United States, en:united-kingdom",2024-09-28,12.83,2.0
2778,REC-400504,13689,Hafercookies,REWE Bio,300g,Germany,2025-12-03,15.06,300.0
2779,REC-567302,7934,Cocoa Vanilla Oat Boost,Graze,30g,en:gb,2024-10-15,14.09,30.0
2780,REC-796546,5517,Vegan bar choco amandes,Nu3,50gr,France,2025-08-30,19.93,50.0
2781,REC-816217,8462,Les P'tites Madeleines Pépites de Chocolat,Ker Cadélac,,France,2025-09-16,13.94,
2782,REC-618062,11734,Toffifee,Storck,125g,"Ireland, en:united-kingdom",2025-10-16,9.87,125.0
2784,REC-175533,14290,Creamy milk chocolate,NOOCO,,en:Morocco,2024-04-25,22.09,
2785,REC-968572,7276,Fruit Splits Bear,BEAR,100g,en:United Kingdom,2025-10-27,1.69,100.0
2786,REC-332437,6869,Chips  barbecue,Lay's,250 g,France,2024-09-21,6.17,250.0
2787,REC-699959,11974,Biscoff Bar,Trekk Power,,United Kingdom,2024-03-09,5.52,
2788,REC-952548,11169,Toffee Apple Oat Bars,Bio & Me,,en:United Kingdom,2026-01-01,5.11,
2790,REC-362584,11334,HAND COOKED sea salt & Balsamic vinegar crisps,M&S FOOD,150 g e,"France, United Kingdom",2024-09-26,12.92,150.0
2791,REC-572750,12422,Ready Salted Potato Sticks,Marks & Spencer,150g,"France, Royaume-Uni",2024-09-18,5.71,150.0
2792,REC-979324,14062,Super Extra-Large Peanuts,Kirkland Signature,1.13 kg,"France,United States",2026-02-01,16.67,1.13
2795,REC-592399,12848,Marzipan log,Favorina,175g,"Czech Republic,France,Germany,en:netherlands",2024-11-20,13.09,175.0
2796,REC-998079,12859,Crackers emmental,Snack Day,,Frankrijk,2025-04-07,8.82,
2797,REC-790191,6677,Flips Cacahuète,Unknown,200 g,"France,en:france",2025-12-24,23.42,200.0
2798,REC-132927,9233,Bio Biscuits tablette chocolat noir,Sondey,150 g,France,2025-12-01,13.09,150.0
2801,REC-825430,11608,Galak Chocolat Blanc,Unknown,200 g (2 * 100 g),Francia,2024-10-08,22.16,200.0
2802,REC-992394,14265,Carrés lait noisettes entières,Côte d'Or,200 g,"Belgium,France",2024-02-06,15.59,200.0
2803,REC-110141,11716,Fraise🍓Tagada,Haribo,30 g,France,2025-11-03,6.94,30.0
2804,REC-844095,5948,Biscuit sésame Gerblé,gerblé,,France,2024-02-09,16.94,
2805,REC-814143,13807,Galettes mais oignon crème ciboulette,Gerblé,"123.5 g, 12 galettes",France,2025-05-14,5.13,123.5
2807,REC-456149,5582,Sablés aux pommes,"Carrefour, Reflets de France",150 g,France,2025-08-03,19.95,150.0
2808,REC-406976,9263,Nature,Carrefour classic,200 g,France,2024-11-11,6.16,200.0
2809,REC-531089,5855,Petit beurre - 200g BIO,"Chabrior, Filet Bleu, Intermarché",200 g,"Belgium,France",2025-10-09,7.61,200.0
2810,REC-345731,7197,Biscuits petit beurre bio paquet de 150g,"U, U Bio",150 g,France,2024-02-16,24.61,150.0
2811,REC-440609,5852,Pains au lait x15 - 525g,U,525 g,France,2024-08-06,18.74,525.0
2812,REC-246026,9950,Tuiles goût salé paquet de 170g,U,170 g,France,2025-10-27,2.59,170.0
2813,REC-286562,9342,Barres de céréales saveur pomme verte 6x125g,U,,France,2026-01-16,6.97,
2814,REC-214862,8725,Mon Cake Nature,Ker Cadélac,800 g,France,2025-06-22,6.82,800.0
2815,REC-910241,13356,La Classique Nature,Unknown,6 * 27.5 g,France,2024-03-05,9.8,6.0
2816,REC-139807,7796,Gâteau au fromage blanc,Saint Amour®,350 g,France,2024-04-15,22.59,350.0
2817,REC-312449,14093,Grany Riz🍚 soufflé & Chocolat 🍫,"Grany, LU",125 g,France,2024-10-14,12.85,125.0
2818,REC-112582,13513,Langues de chat,Karéléa,100 g,France,2024-03-12,10.05,100.0
2820,REC-793180,13537,Dessert noir,Carrefour,200 g,France,2024-05-11,24.48,200.0
2821,REC-568240,10460,Barres GOURMANDES,Carrefour,140 g,"Belgium,France, Italie, Espagne",2025-10-10,7.93,140.0
2823,REC-826203,10239,Crackers emmental,TokapiMarque Repère,100 g,France,2024-02-05,9.88,100.0
2824,REC-829592,13414,Biscuits sésame,"Bio Village, Marque Repère",230 g,"France, en:reunion, en:belgium",2024-07-28,22.07,230.0
2825,REC-356833,12710,Biscuits tablette chocolat noir,"Bio Village, Marque Repère",150 g,France,2025-12-27,11.86,150.0
2826,REC-729250,6308,8 mini gâches pur beurre à la crême fraîche,"Leclerc, Nos regions ont du talent",360 g,France,2024-04-05,10.86,360.0
2827,REC-134837,13279,Cookies Pépites de chocolat noir & cacao,Biocoop,200 g,France,2024-10-01,9.32,200.0
2828,REC-742537,5339,Raffaello,Unknown,,"Austria, Belgium, France, Germany, Switzerland, en:morocco",2024-03-06,21.49,
2829,REC-921153,6488,Maxi King 3er-Pack,"Kinder,Ferrero",35g,"Österreich,Belgien,Frankreich,Deutschland,Schweiz",2025-04-02,11.59,35.0
2830,REC-708333,8850,180G CHUPA CHUPS MINI ASSOSRTI,Chupa Chups,180 g,France,2025-01-25,15.54,180.0
2832,REC-492308,6995,6 Cherry Bakewells,Mr Kipling,282 g (6 x 47 g),"France,United Kingdom",2025-12-23,21.8,282.0
2833,REC-564450,6602,NO ARTIFICIAL COLO NO ARTIFICIAL FLAVOURS NO MSG H,KP Snacks,6 x 24 g,"France, Ireland, en:united-kingdom",2025-10-28,7.51,6.0
2834,REC-127756,10173,Cheese Flavour Potato Snacks,Walkers Quavers,34 g,"Francia, Reino Unido, Spain",2025-02-07,7.35,34.0
2836,REC-302532,10592,Blue Maize Tortilla Chips,Mister Free'd,135g,"France,Germany,United Kingdom",2024-11-14,1.69,135.0
2837,REC-496120,11340,Mini Croissants,7 Days,185 g,"Bulgaria, United Kingdom, en:romania",2025-08-29,5.38,185.0
2838,REC-170615,8804,Barres Lion,"Nestlé, Lion",10 x 42 g,France,2026-01-22,21.22,10.0
2839,REC-793062,5521,NESTLE L'ATELIER - Noir 70% - 100g,Unknown,100 g,"France,Guyane",2025-10-14,20.05,100.0
2840,REC-139176,5726,FLORENTIN 125G - KAMBLY - 125g,Kambly,125 g,France,2025-09-06,8.25,125.0
2841,REC-354401,7584,2fruity Parfum Fraise-Citron vert,Hollywood,22g,"France,Martinique",2025-10-10,13.2,22.0
2843,REC-610584,12333,Petit Déjeuner Moelleux Coeur Gourmand Fraise,"Mondelēz, belVita",250 g,"Belgique,France",2025-10-17,1.39,250.0
2844,REC-432333,6577,Fino 85% negro,"Suchard,Mondelez",90 g,España,2025-12-20,4.37,90.0
2845,REC-476452,13339,SEMPLICISSIMI cereali riso nero 1 porzione 31g.,"Bauli, Doria",245 g,Italia,2024-04-15,16.2,245.0
2847,REC-700693,9581,Panettone,"Grand Frais, Pasticceria dei Fiori, Valentino",900 g,France,2024-06-29,13.65,900.0
2848,REC-311220,12823,Grissini Nature Vita Vigor,"VITAVIGOR, Vita Vigor",,"Australie,France,Japon,en:france",2025-12-11,17.52,
2849,REC-878452,11998,Frollini con gocce di cioccolato,"Dolciando, Eurospin",700g,"Francia,Italia",2025-12-31,16.31,700.0
2850,REC-928604,14538,Campagnole con farina di riso,"Barilla, Mulino Bianco",,"France,Italy,Switzerland",2025-02-09,6.55,
2851,REC-839333,7181,Kinder Joy Boy,"Kinder, คินเดอร์",20g,"China, Frankreich, Marokko, Spanien, Thailand, Germany",2024-12-15,17.73,20.0
2852,REC-582152,11647,Petit,Rio,3 x 133 g,"Francia,Marruecos,España",2024-05-06,8.32,3.0
2853,REC-268424,13019,Chocolate puro con almendras enteras 0% azúcares añadidos,Unknown,150 g,Spain,2025-09-10,18.97,150.0
2854,REC-621822,8262,Gullon Maria Doroda,Gullón,,"Francia,España",2025-07-12,7.36,
2855,REC-712579,8689,Tortilla Chips Nachos,"Zanuy,Liven",200 g,"Francia,Marruecos,España",2024-06-18,21.29,200.0
2856,REC-262443,8835,Cocktail rodeo,Hacendado,250 g,Spain,2024-11-20,14.05,250.0
2858,REC-559187,6767,Crackers Protéiné,TASTINO - LIDL,200 g,France,2025-04-10,1.3,200.0
2859,REC-551880,5323,Raffaello,Ferrero,30g,"Francia,Marruecos",2024-07-26,12.68,30.0
2860,REC-875951,13400,Biscuit Novellino lait et miel,Unknown,350g,Italia,2025-12-25,22.36,350.0
2861,REC-961341,11053,Madeleines,St Michel,800g,France,2024-06-11,20.95,800.0
2862,REC-779865,9856,Salted Giant Pretzel,"Marks & Spencer,McVities",150g,United Kingdom,2025-09-20,24.29,150.0
2863,REC-450014,6889,Chocolate negro 72% cacao con almendras enteras,Hacendado,200 g,"Spain, en:united-states",2024-03-25,22.06,200.0
2864,REC-257723,10583,Squares Salt & Vinegar,Walkers,22g,"Guernsey, en:united-kingdom",2025-08-02,10.66,22.0
2865,REC-320657,6391,Proper Chips Sea Salt Lentil Chips,Proper,20 g,"France,United Kingdom",2024-06-12,4.18,20.0
2866,REC-331889,5537,Rollino cacao,Unknown,,"Spain, Marruecos, en:morocco",2024-03-04,12.49,
2868,REC-836131,11880,Roshen MlkChoc Aerated,Roshen,80gm,"Bulgaria, Romania, en:ukraine",2025-10-15,9.25,80.0
2869,REC-552094,11207,Dark Peru 80%,Waitrose,100g,United Kingdom,2025-02-12,1.65,100.0
2871,REC-209994,13964,Cool Tortillas,By Sainsbury's,,"France, United Kingdom",2024-07-09,23.52,
2872,REC-302852,7235,Oreo white,"Milka,Mondelez",100 g,"Marruecos,España",2024-10-14,14.37,100.0
2873,REC-252289,7969,Moelleux chocolat,Alsa,435 g,France,2024-03-14,14.47,435.0
2874,REC-624477,8992,Gâche tranchée Bio,La Boulangère,400 g,France,2025-12-30,13.39,400.0
2875,REC-226234,12976,Doriano Sea Salt Crackers,Bauli,,"Italy,United Kingdom",2024-08-19,11.35,
2876,REC-694905,6640,Chips Snack,Snack Day,75 g,Frankrijk,2024-04-14,1.81,75.0
2877,REC-529318,11733,Happy Hippo,Kinder,103.5 g,France,2025-06-30,2.67,103.5
2878,REC-425069,14727,MILKA  Alune intregi ceo lesnik,Milka,,"Algeria, Romania, en:morocco",2025-06-22,8.38,
2879,REC-573124,12034,Mylk & Vanilla,Unknown,2 x 35 g,en:gb,2024-12-30,11.81,2.0
2880,REC-746462,11307,Caramel Choc Bar,Nomo,38g,"Australia,United Kingdom",2024-09-01,21.07,38.0
2881,REC-603751,12793,Chicles fresa,Hacendado,100 g,España,2026-01-30,17.09,100.0
2884,REC-453635,10969,Crunchy Oats & Honey Granola Bars,Harvest Morn,"210 g, 5 x 42 g","Ireland,United Kingdom",2024-03-08,3.28,210.0
2885,REC-704386,13365,"Gerble - Organic Oatmeal Coconut Cocoa Cookie, 132g (4.7oz)",Gerblé,132 g,Francia,2024-02-29,17.15,132.0
2886,REC-983684,6209,Pringles Flame Spicy BBQ,Pringles,160g,"France, Italy, Lithuania, Martinique, en:morocco",2025-06-06,9.3,160.0
2887,REC-626207,14494,Wheat Thins Original,Nabisco,14 oz,United States,2025-08-21,14.1,14.0
2888,REC-633149,14299,Mini fourrés chocolat noir,Bjorg,180 g,France,2025-03-23,9.88,180.0
2889,REC-980566,7513,Roasted Garlic & Extra Virgin Olive Oil Flatbread,"taste-the-difference, sainsbury-s",195g,en:United Kingdom,2024-04-20,22.21,195.0
2890,REC-385551,12089,Galettes Bretonnes,"Carrefour BIO,Carrefour",,"France,Espagne",2024-12-09,11.4,
2891,REC-168224,5553,Gaufres aux oeufs frais au sucre glace,Lotus,371 g,France,2025-01-14,2.71,371.0
2892,REC-991801,13050,Abbracci,Unknown,700 g,en:it,2024-02-16,18.83,700.0
2893,REC-404815,11181,Sea Salt & Cider Vinegar - Activated Chips,Unknown,80 g,United Kingdom,2024-08-22,13.78,80.0
2894,REC-254809,6164,Neo giant,Lidl,,"France,Germany,United Kingdom",2024-11-11,1.02,
2895,REC-976325,9203,Merendina,Bimo,,Morocco,2024-05-11,13.87,
2896,REC-381295,12308,Lay's Recette paysanne nature maxi format,"LAY'S, Lays",,"en:fr,",2024-04-27,20.56,
2898,REC-602163,13545,Mango Pure Fruit Wind Ups,Alesto,5 x 20 g,en:gb,2024-09-23,18.7,5.0
2899,REC-201270,8688,Recette à l’Ancienne,"Lay's, Lays",168 g,en:fr,2025-01-09,15.7,168.0
2900,REC-134626,12045,Haferkraft Haselnuss zero,Corny,,Germany,2025-02-04,24.76,
2901,REC-908235,5283,Haribo Happy Cola,HARIBO,175g,Deutschland,2025-10-10,5.5,175.0
2902,REC-420495,10110,Raspberry Porridge Oat Bar,Stoats,1 x 42g,United Kingdom,2024-12-31,16.14,1.0
2903,REC-409462,6155,Baked Salt and Vinegar Crisps,Walkers,6x22g,en:gb,2025-08-08,14.29,6.0
2904,REC-453588,5631,Chipsfrisch gesalzen,funny-frisch,150g,"en:Germany,",2025-09-13,22.12,150.0
2905,REC-885621,13952,Biscuits au cacao fourrés vanille,Unknown,176g,France,2024-05-21,22.29,176.0
2906,REC-121365,9216,Biscuit sablé nappé 6 céréales (12),Biocoop,140 g,en:fr,2024-05-21,5.27,140.0
2907,REC-674098,13554,Apple & cinnamon porridge oat bar,Stoats,,en:gb,2024-07-06,2.54,
2908,REC-576134,14686,Pick up! Fourré au lait,"Bahlsen, Pick Up!",168 g,France,2026-01-02,3.99,168.0
2909,REC-421148,9013,Pick-up,BAHLSEN,168 g,France,2026-01-25,21.9,168.0
2910,REC-556821,9312,Biscuits chocolat gingembre,Bjorg,130 g,France,2025-11-09,23.81,130.0
2911,REC-785071,14907,Biscotti Misura Protein,Misura,,Italy,2024-06-13,1.18,
2912,REC-197068,10831,Feastables - Milk Chocolate,"Feastables, MrBeast",60 g,"Germany,United Kingdom,Lithuania",2024-05-03,4.02,60.0
2914,REC-797045,10937,Tony Chocolate Dark Hazelnut,Tony's Chocolonely,,United Kingdom,2024-07-16,14.54,
2915,REC-770896,7552,Extra fresh professional,"Wrigley‘s,extraFresh",1pcs,Germany,2025-07-19,6.23,1.0
2916,REC-943432,7445,Italian Crackers Made with Sourdough,Arden & Amici,250g,United Kingdom,2025-11-20,23.1,250.0
2917,REC-331159,11984,Kyoto Style Mix,Snacks of the World,150 g,"Austria, Netherlands, en:france",2024-05-29,20.5,150.0
2918,REC-212441,8075,Batatas Fritas Sabor Serrano,Hacendado,150 g,"Romania,Spain",2024-12-16,18.02,150.0
2919,REC-512760,9669,Maltesers,Unknown,175g,"Frankreich,Deutschland,Vereinigtes Königreich",2024-08-24,7.74,175.0
2920,REC-641607,13363,Milk Chocolate,Lindt Classic Recipe,,en:United Kingdom,2025-11-10,10.36,
2921,REC-550518,6679,Mars,Mars,225g,"Germany, en:france",2025-12-07,14.76,225.0
2922,REC-389931,9139,Lemon & Poppy Seed Oat Bars,Unknown,3 x 50g,United Kingdom,2026-01-03,23.43,3.0
2923,REC-675515,9984,Original Sourdough Crispbread,Peter’s Yard,125g,en:United Kingdom,2025-10-16,22.61,125.0
2924,REC-295799,5057,Lentil Chips,Unknown,,United Kingdom,2025-12-19,10.72,
2925,REC-754512,10356,Carlotti - Chocolate au lait,Carlotti,100g,en:Morocco,2024-05-06,13.35,100.0
2926,REC-364878,10701,Biscuits Delacre Sprits Chocolat au lait - 200g,"Delacre, Ferrero",200 g,France,2024-03-09,9.72,200.0
2927,REC-140930,8675,Cinnamon Almond Butter Biscuits,Unknown,,"France, United States",2025-04-21,23.16,
2928,REC-176563,14114,Extra fine dark chocolate,Marks And Spencer,115 g,"France, en:united-kingdom",2025-03-05,18.91,115.0
2929,REC-392289,9317,Tortilla Strips,Kirkland,48 oz,"Estados Unidos, Spain",2024-04-12,3.0,48.0
2930,REC-417999,5547,Be-kind Caramel Almond & sea salt,Be-Kind,,"France,Spain,Switzerland",2025-11-10,20.65,
2931,REC-349903,13556,Amaretti,Italiamo,200 g,"France,Hungary",2026-01-06,1.87,200.0
2932,REC-701402,8537,Lait Raisins secs & Noisettes,Bellarom,200 g,France,2025-05-29,22.89,200.0
2933,REC-861300,13977,Studentenfutter Exotic,Unknown,200g,"Frankreich, Deutschland",2025-09-03,14.2,200.0
2934,REC-521956,5911,"Lebkuchen Hearts, Pretzels & Stars Zartbitter",Favorina,500g,"France,Germany",2026-01-11,18.83,500.0
2935,REC-706330,8444,Grissini Rosmarino - Breadsticks with Rosemary,Italiamo,,"Francia,Polonia",2026-01-03,2.78,
2936,REC-821942,9249,"Alesto Cashew Erdnuss Mix, Hot Chili",Alesto,200 g,"France,Switzerland",2024-11-15,20.0,200.0
2938,REC-583796,5183,Véritable Petit Écolier Pocket,LU,250g,France,2024-06-14,6.71,250.0
2941,REC-775118,12949,Doritos Goût Nacho Cheese,Doritos,230 g,"Francia,España",2025-05-04,15.41,230.0
2942,REC-487779,14309,Sablé nature aux graines de chia,"Gerblé, Nutrition et Santé S.A.S.","132 g, 3 sachets de 4 biscuits",France,2024-04-27,17.3,132.0
2943,REC-451410,11975,Tartines de pain Brioché,Brioche Pasquier,210 g,France,2025-01-16,9.94,210.0
2944,REC-934428,10593,Chocolat noir dégustation 95%,Unknown,100 g,"France, en:morocco",2024-12-02,16.28,100.0
2945,REC-871555,14624,Madeleines coquille individuelles,Chabrior,600 g,France,2025-07-31,8.54,600.0
2946,REC-117898,8527,sables,"U, U Bio",200 g,France,2024-10-26,12.25,200.0
2947,REC-131985,5299,Barres de céréales figue x6 - 126g,U,126 g,France,2025-05-30,24.55,126.0
2948,REC-971763,6257,Barre de Céréales riz et blé complet chocolat x6 - 126g,U,126 g,France,2025-09-20,6.09,126.0
2949,REC-220290,7805,Macédoine de légumes,Carrefour,800 g,"France, en:netherlands",2024-07-01,15.17,800.0
2950,REC-599958,7951,P'tit Déj 6 céréales complètes,Carrefour,400 g,"France, Italie, Pologne, Roumanie, Espagne",2024-07-28,22.4,400.0
2951,REC-263282,6216,Palmiers,"Marque Repère, P'tit Déli",100 g,France,2025-01-15,22.37,100.0
2953,REC-611327,8969,Tuiles goût nature,"Marque Repère, Tokapi",,France,2025-04-25,16.34,
2954,REC-265760,13936,Déli Matin Miel & Pépites de Chocolat,"Marque Repère, P'tit Déli",,France,2025-11-11,17.89,
2955,REC-381337,7657,Chocolat au lait,Poulain,95 g,"France,canada",2025-02-13,5.82,95.0
2956,REC-800212,11269,Mon biscuit BIO vanille,"A&O, A&O L'épicerie Locale, Aline & Olivier",4 sachets de 4 biscuits (150 g),France,2024-06-11,5.29,4.0
2958,REC-217549,7976,Haferkraft Cranberry Kürbiskern,Schwartauer Corny,4 x 35 g = 140 g,Deutschland,2025-06-26,16.1,4.0
2959,REC-801549,14163,Snickers x5,"Mars, Snickers",250g,"Francia,Alemania",2025-11-14,18.04,250.0
2960,REC-157464,10894,Baked Sea Salt,Walkers,,"France, en:united-kingdom",2024-07-07,14.16,
2961,REC-782597,14965,Barre de céréales frusli fruit rouges🍓,Jordans,"6 x 30 g, 180 g",France,2024-03-10,22.08,6.0
2962,REC-969890,8289,Nutri-Grain Strawberry Cereal Bars imp,Kellogg's,6,"France, en:united-kingdom",2025-11-16,3.63,6.0
2963,REC-318931,11124,Gently Baked Mango,Urban Fruit,35g,"France,United Kingdom",2025-05-07,11.95,35.0
2964,REC-516184,12070,Prince Pocket - Biscuits fourrés parfum chocolat,Lu,40g,"France, en:belgium",2024-12-09,19.28,40.0
2965,REC-874761,7093,Biscoff,Lotus,124 g,"Australia,Austria,Francia,Italia,Marruecos,Nueva Zelanda,España",2025-05-22,20.89,124.0
2966,REC-330782,9944,Twix Xtra,Mars norge as,75 g,"Austria,Bélgica,Francia,Alemania,Irlanda,Rumania,España,Suiza,Reino Unido",2025-12-03,24.1,75.0
2967,REC-853470,11464,Elephant Squeezed Pretzels Honey Mustard & Onion,Alka,,"France, en:morocco",2024-12-05,15.39,
2968,REC-781736,9386,Lay's Edible Salt,Lay's,,"Morocco,Tunisia",2024-11-23,1.84,
2969,REC-463353,12435,Lay's with cheese and onion flavor,Lay's,,"Morocco,Tunisia",2025-07-01,22.47,
2970,REC-549112,12510,Lindt  MILCH • AU LAIT• MILK,Lindt,300g,"Australia, France, Germany, Switzerland, en:bulgaria",2025-06-27,10.91,300.0
2971,REC-655311,13581,"Les grandes, 34% noisettes, Noir","Lindt, Lindt & Sprüngli",150 g,"France,Allemagne,Suisse",2024-10-23,1.86,150.0
2972,REC-833811,14931,Toblerone,"Toblerone,Mondélez",35 g,"Bolivia,Bulgaria,Francia,Alemania",2025-08-19,24.82,35.0
2973,REC-906092,13589,Oreo Golden,Unknown,500 gram,"Dinamarca,Francia,Marruecos,Noruega,España,Suecia",2024-06-05,7.92,500.0
2974,REC-903444,14907,Granola Brownie Chocolat Intense,"Granola, LU",180 g (6 * 30 g),France,2025-07-30,19.67,180.0
2975,REC-301534,8931,Milka MMMAX Ganze Haselnüsse,Milka,270 g,Germany,2025-12-24,21.88,270.0
2976,REC-269293,6607,Milka Alpenmilch Schokolade,Milka,270 g,"Austria,Czech Republic,Denmark,Finland,France,Germany,Hungary,Norway,Slovakia,Sweden,Switzerland",2024-05-25,21.1,270.0
2979,REC-571992,5111,Choco Biscuits,"Milka,Mondelez",150 g,"Canada,France,Poland,Romania",2024-07-09,24.08,150.0
2980,REC-918760,12572,Granola Cookies Chocolat & Noisettes,"Granola,Lu",184 g,France,2024-06-29,24.79,184.0
2981,REC-557321,5528,Cracker TUC classico,Mondelez,250 g,Italia,2025-06-12,3.81,250.0
2982,REC-834515,11654,Ferrero Collection,Unknown,269g,"France,Allemagne",2025-03-16,8.68,269.0
2983,REC-844427,11053,1936 Antica Ricetta,San Carlo,150 g,"Francia,Italia",2025-05-29,16.79,150.0
2984,REC-236378,10559,Nero nero 99%,Unknown,75 g,"France,Italie",2024-05-09,23.42,75.0
2985,REC-584619,14413,Choco Keks,Schär,3,"Croatia, Finland, France, Spain, Switzerland, en:morocco",2025-01-22,12.86,3.0
2986,REC-658055,6839,Active Integral Gullón,Unknown,840 g,"Francia,España",2025-12-14,4.61,840.0
2987,REC-931340,13402,Galletas Integrales Arándano 0% Azúcares Añadidos,Santiveri,190 g,España,2026-02-02,19.83,190.0
2988,REC-168071,6540,Maíz crujiente y tierno,Hacendado,170g,España,2024-05-08,15.84,170.0
2989,REC-868200,7045,sweet popcorn,Tesco,110g,"France,United Kingdom",2025-03-26,14.53,110.0
2990,REC-958945,9639,Digestives Milk Chocolate,Unknown,433g,"France,United Kingdom",2024-02-11,2.42,433.0
2991,REC-568921,13985,Galletas Saladitas,Hacendado,350 g,España,2025-10-08,21.32,350.0
2992,REC-738399,11535,Milka Oreo Brownie,Milka,100g,"en:morocco, en:spain, en:france",2024-10-09,14.03,100.0
2993,REC-796830,11134,Sablés noisette chocolat,Bonne Maman,150 g,Francia,2024-12-14,21.72,150.0
2995,REC-867989,13739,Cocoa Orange,Nakd,,en:GB,2025-03-30,3.78,
2996,REC-774268,8212,Chocolate For Change Dark Chocolate With Orange,Coop,100 g,"Germany,en:united-kingdom",2025-03-23,14.41,100.0
2997,REC-432494,13398,Lait dessert,Fin Carré,200 g,"France, en:united-kingdom",2025-01-03,17.58,200.0
2998,REC-117507,8050,Rusticotti,Balocco,700,"Francia,Italia",2025-09-02,21.35,700.0
2999,REC-692469,11809,Cheddar & Onion Chutney Rolls,Higgidy,160g,en:gb,2024-12-07,7.47,160.0
